COPY public.myapp_estadisticasjugador (id, url, tipo, saves, save_percentage, goals_conceded, goals_prevented, clean_sheets, error_led_to_goal, high_claim, pass_accuracy, accurate_long_balls, long_ball_accuracy, goals, expected_goals_xg, xg_on_target_xgot, non_penalty_xg, shots, shots_on_target, assists, expected_assists_xa, successful_passes, pass_accuracy_outfield, accurate_long_balls_outfield, long_ball_accuracy_outfield, chances_created, successful_crosses, cross_accuracy, successful_dribbles, dribble_success, touches, touches_in_opposition_box, dispossessed, fouls_won, penalties_awarded, tackles_won, tackles_won_percentage, duels_won, duels_won_percentage, aerial_duels_won, aerial_duels_won_percentage, interceptions, blocked, fouls_committed, recoveries, possession_won_final_3rd, dribbled_past, yellow_cards, red_cards, jugador_id) FROM stdin;
1	https://www.fotmob.com/players/18717/jorge-carlos-carranza	\N	35	63.6%	20	-5.84	2	1	9	\N	\N	\N	\N	\N	\N	\N	\N	\N	\N	\N	\N	62.7%	71	44.1%	\N	\N	\N	\N	\N	\N	\N	\N	\N	\N	\N	\N	\N	\N	\N	\N	\N	\N	\N	\N	\N	\N	1	1051
2	https://www.fotmob.com/players/1206589/williams-barlasina	\N	8	50.0%	8	-1.66	0	0	4	\N	\N	\N	\N	\N	\N	\N	\N	\N	\N	\N	\N	60.0%	13	28.9%	\N	\N	\N	\N	\N	\N	\N	\N	\N	\N	\N	\N	\N	\N	\N	\N	\N	\N	\N	\N	\N	\N	0	1052
3	https://www.fotmob.com/players/1435200/cesar-atamanuk	\N	0	\N	3	\N	1	0	\N	\N	\N	\N	\N	\N	\N	\N	\N	\N	\N	\N	\N	\N	\N	\N	\N	\N	\N	\N	\N	\N	\N	\N	\N	\N	\N	\N	\N	\N	\N	\N	\N	\N	\N	\N	\N	\N	0	1053
4	https://www.fotmob.com/players/1098253/giuliano-cerato	\N	\N	\N	\N	\N	\N	\N	\N	\N	\N	\N	0	1.15	1.00	\N	18	5	0	0.89	271	69.8%	34	41.5%	19	12	31.6%	5	50.0%	658	14	4	9	\N	14	46.7%	50	49.0%	6	46.2%	11	5	25	62	2	11	4	1054
5	https://www.fotmob.com/players/1416306/ariel-gonzalez	\N	\N	\N	\N	\N	\N	\N	\N	\N	\N	\N	0	\N	\N	\N	0	\N	0	\N	0	\N	\N	\N	\N	\N	\N	\N	\N	0	\N	0	\N	\N	\N	\N	\N	\N	\N	\N	\N	\N	\N	\N	\N	\N	0	1055
6	https://www.fotmob.com/players/521211/yonathan-cabral	\N	\N	\N	\N	\N	\N	\N	\N	\N	\N	\N	0	0.04	\N	\N	1	\N	0	0.01	80	78.4%	6	42.9%	\N	\N	\N	\N	\N	150	4	0	2	\N	7	100.0%	16	59.3%	7	46.7%	1	\N	2	12	\N	1	1	1056
7	https://www.fotmob.com/players/561038/nestor-breitenbruch	\N	\N	\N	\N	\N	\N	\N	\N	\N	\N	\N	0	0.20	0.09	\N	9	3	0	0.20	459	79.8%	55	43.0%	4	2	22.2%	5	62.5%	791	8	1	5	\N	13	46.4%	89	68.5%	51	75.0%	9	1	15	50	1	5	4	1057
8	https://www.fotmob.com/players/1245749/santiago-laquidain	\N	\N	\N	\N	\N	\N	\N	\N	\N	\N	\N	0	\N	\N	\N	0	\N	0	0.00	26	86.7%	4	57.1%	\N	\N	\N	\N	\N	46	\N	0	1	\N	1	50.0%	5	45.5%	2	40.0%	1	\N	1	4	\N	1	0	1058
9	https://www.fotmob.com/players/1292792/gonzalo-mottes	\N	\N	\N	\N	\N	\N	\N	\N	\N	\N	\N	2	0.78	2.06	\N	14	6	1	0.47	403	77.6%	50	42.4%	2	\N	\N	\N	\N	698	22	2	6	\N	6	66.7%	72	66.7%	58	73.4%	13	3	11	29	\N	3	2	1059
10	https://www.fotmob.com/players/1317346/ignacio-guerrico	\N	\N	\N	\N	\N	\N	\N	\N	\N	\N	\N	0	0.18	0.07	\N	10	1	1	1.77	418	68.6%	48	33.8%	24	22	33.8%	4	40.0%	1,079	7	6	13	\N	38	70.4%	99	61.9%	28	62.2%	23	3	19	76	6	15	3	1060
11	https://www.fotmob.com/players/571621/roberto-agustin-bochi	\N	\N	\N	\N	\N	\N	\N	\N	\N	\N	\N	0	0.05	\N	\N	3	\N	1	0.40	340	78.7%	19	35.8%	9	1	50.0%	2	100.0%	553	2	5	5	\N	12	60.0%	36	48.0%	9	47.4%	15	2	18	50	\N	8	4	1061
12	https://www.fotmob.com/players/267200/matias-garcia	\N	\N	\N	\N	\N	\N	\N	\N	\N	\N	\N	0	\N	\N	\N	0	\N	0	0.01	11	52.4%	\N	\N	1	\N	\N	\N	\N	30	\N	0	\N	\N	4	100.0%	7	77.8%	3	60.0%	\N	\N	\N	4	1	\N	0	1062
13	https://www.fotmob.com/players/1114918/joaquin-indacoechea	\N	\N	\N	\N	\N	\N	\N	\N	\N	\N	\N	0	\N	\N	\N	0	\N	0	\N	0	\N	\N	\N	\N	\N	\N	\N	\N	0	\N	0	\N	\N	\N	\N	\N	\N	\N	\N	\N	\N	\N	\N	\N	\N	4	1063
14	https://www.fotmob.com/players/1402051/marcelo-esponda	\N	\N	\N	\N	\N	\N	\N	\N	\N	\N	\N	0	0.25	0.15	\N	12	2	0	0.47	368	79.8%	30	49.2%	7	2	66.7%	3	60.0%	590	2	2	8	\N	12	57.1%	52	64.2%	20	69.0%	12	1	11	64	4	5	2	1064
15	https://www.fotmob.com/players/1607563/tobias-leiva	\N	\N	\N	\N	\N	\N	\N	\N	\N	\N	\N	2	1.37	2.69	\N	19	5	0	0.24	334	79.1%	18	43.9%	8	2	33.3%	14	43.8%	591	17	7	4	\N	15	65.2%	52	46.8%	11	50.0%	8	3	11	64	9	14	2	1065
16	https://www.fotmob.com/players/1003370/justo-giani	\N	\N	\N	\N	\N	\N	\N	\N	\N	\N	\N	2	1.42	1.84	\N	28	8	2	1.53	219	71.8%	8	47.1%	25	9	31.0%	13	41.9%	577	17	27	37	\N	13	54.2%	93	49.2%	19	37.3%	7	10	8	64	7	12	1	1066
17	https://www.fotmob.com/players/921347/lautaro-chavez	\N	\N	\N	\N	\N	\N	\N	\N	\N	\N	\N	0	0.46	0.32	\N	9	4	1	0.33	50	63.3%	5	45.5%	11	7	25.9%	2	15.4%	193	5	7	7	\N	5	55.6%	19	40.4%	1	25.0%	1	4	2	19	3	6	1	1067
18	https://www.fotmob.com/players/1311635	\N	\N	\N	\N	\N	\N	\N	\N	\N	\N	\N	1	0.89	1.37	\N	13	6	0	0.53	108	68.8%	4	23.5%	9	3	20.0%	3	21.4%	315	17	7	6	\N	11	45.8%	45	45.5%	12	41.4%	2	2	17	35	6	4	1	1068
19	https://www.fotmob.com/players/345801/ayrton-preciado	\N	\N	\N	\N	\N	\N	\N	\N	\N	\N	\N	2	0.76	1.49	\N	9	3	2	0.59	134	80.2%	4	40.0%	10	6	20.0%	13	59.1%	299	22	9	12	\N	6	66.7%	37	56.1%	3	27.3%	3	2	2	39	6	1	0	1069
20	https://www.fotmob.com/players/1248634/natanael-guzman	\N	\N	\N	\N	\N	\N	\N	\N	\N	\N	\N	0	0.21	0.09	\N	6	2	0	0.10	54	81.8%	2	50.0%	2	1	10.0%	2	11.1%	149	7	9	7	\N	3	60.0%	17	35.4%	3	75.0%	1	2	\N	16	3	5	0	1070
21	https://www.fotmob.com/players/1609504/tiago-serrago	\N	\N	\N	\N	\N	\N	\N	\N	\N	\N	\N	1	0.48	1.78	\N	14	7	1	0.28	80	71.4%	3	30.0%	8	5	23.8%	9	56.2%	220	11	5	4	\N	3	50.0%	20	43.5%	1	20.0%	1	3	8	25	1	3	1	1071
22	https://www.fotmob.com/players/793285/alexis-dominguez	\N	\N	\N	\N	\N	\N	\N	\N	\N	\N	\N	0	0.09	0.02	\N	3	1	0	0.01	31	66.0%	1	100.0%	1	\N	\N	1	100.0%	88	9	4	4	\N	2	100.0%	18	46.2%	12	44.4%	\N	1	2	2	1	\N	0	1072
23	https://www.fotmob.com/players/1363175	\N	\N	\N	\N	\N	\N	\N	\N	\N	\N	\N	6	5.45	5.93	\N	41	17	2	1.24	230	71.0%	9	75.0%	17	2	16.7%	15	33.3%	634	52	20	21	\N	18	78.3%	89	40.8%	30	39.0%	3	10	31	51	9	6	5	1073
24	https://www.fotmob.com/players/1523556/franco-rami	\N	\N	\N	\N	\N	\N	\N	\N	\N	\N	\N	2	1.42	2.34	\N	13	6	0	0.03	43	66.2%	2	66.7%	2	\N	\N	\N	\N	125	19	1	4	\N	5	100.0%	21	46.7%	13	46.4%	1	2	5	10	\N	\N	0	1074
25	https://www.fotmob.com/players/186986	\N	37	78.7%	10	0.87	9	1	5	\N	\N	\N	\N	\N	\N	\N	\N	\N	\N	\N	\N	75.4%	127	50.2%	\N	\N	\N	\N	\N	\N	\N	\N	\N	\N	\N	\N	\N	\N	\N	\N	\N	\N	\N	\N	\N	\N	0	2
26	https://www.fotmob.com/players/1608394/gonzalo-siri-payer	\N	4	80.0%	1	\N	0	0	\N	\N	\N	\N	\N	\N	\N	\N	\N	\N	\N	\N	\N	56.1%	9	33.3%	\N	\N	\N	\N	\N	\N	\N	\N	\N	\N	\N	\N	\N	\N	\N	\N	\N	\N	\N	\N	\N	\N	0	3
27	https://www.fotmob.com/players/1680187/agustin-mangiaut	\N	\N	\N	\N	\N	\N	\N	\N	\N	\N	\N	\N	\N	\N	\N	\N	\N	\N	\N	\N	\N	\N	\N	\N	\N	\N	\N	\N	\N	\N	\N	\N	\N	\N	\N	\N	\N	\N	\N	\N	\N	\N	\N	\N	\N	\N	4
28	https://www.fotmob.com/players/1575797/kevin-coronel	\N	\N	\N	\N	\N	\N	\N	\N	\N	\N	\N	\N	\N	\N	\N	\N	\N	\N	\N	\N	\N	\N	\N	\N	\N	\N	\N	\N	\N	\N	\N	\N	\N	\N	\N	\N	\N	\N	\N	\N	\N	\N	\N	\N	\N	\N	6
29	https://www.fotmob.com/players/316878/erik-fernando-godoy	\N	\N	\N	\N	\N	\N	\N	\N	\N	\N	\N	1	1.11	1.99	\N	6	4	0	0.09	756	88.6%	49	47.1%	1	\N	\N	\N	\N	1,035	6	2	7	\N	11	61.1%	61	61.0%	37	58.7%	12	1	9	47	\N	3	3	7
30	https://www.fotmob.com/players/862337/assist-luciano-sanchez	\N	\N	\N	\N	\N	\N	\N	\N	\N	\N	\N	0	0.17	\N	\N	3	\N	0	0.72	328	79.6%	29	49.2%	6	6	40.0%	6	66.7%	638	7	9	7	\N	18	69.2%	52	47.3%	13	44.8%	11	1	14	54	2	16	2	1080
31	https://www.fotmob.com/players/920404/francisco-alvarez	\N	\N	\N	\N	\N	\N	\N	\N	\N	\N	\N	0	0.32	0.12	\N	11	2	2	0.27	903	88.6%	56	52.8%	3	1	25.0%	4	40.0%	1,237	21	5	11	\N	11	73.3%	87	57.6%	57	62.0%	30	1	13	71	\N	6	3	9
32	https://www.fotmob.com/players/1436169/mateo-antoni	\N	\N	\N	\N	\N	\N	\N	\N	\N	\N	\N	\N	\N	\N	\N	\N	\N	\N	\N	\N	\N	\N	\N	\N	\N	\N	\N	\N	\N	\N	\N	\N	\N	\N	\N	\N	\N	\N	\N	\N	\N	\N	\N	\N	\N	\N	10
33	https://www.fotmob.com/players/1607568/tobias-ramirez	\N	\N	\N	\N	\N	\N	\N	\N	\N	\N	\N	0	0.04	0.33	\N	1	1	0	0.01	75	89.3%	3	60.0%	\N	\N	\N	\N	\N	106	1	0	\N	\N	\N	\N	9	64.3%	8	72.7%	3	\N	1	4	\N	\N	0	11
34	https://www.fotmob.com/players/841913/sebastian-prieto	\N	\N	\N	\N	\N	\N	\N	\N	\N	\N	\N	1	0.35	0.48	\N	11	4	1	0.83	425	76.2%	27	38.6%	11	7	26.9%	9	64.3%	825	27	5	8	\N	16	66.7%	61	50.4%	20	47.6%	11	3	13	40	5	17	2	12
35	https://www.fotmob.com/players/1240172/roman-vega	\N	\N	\N	\N	\N	\N	\N	\N	\N	\N	\N	1	0.95	1.35	\N	9	3	1	1.59	353	85.9%	32	62.7%	9	16	26.7%	14	53.8%	656	18	6	5	\N	8	72.7%	36	49.3%	6	60.0%	5	2	7	35	2	8	3	13
36	https://www.fotmob.com/players/1035611/alan-rodriguez	\N	\N	\N	\N	\N	\N	\N	\N	\N	\N	\N	2	1.05	3.28	\N	17	6	1	2.35	393	80.4%	11	45.8%	22	15	23.4%	31	52.5%	804	53	25	24	\N	16	66.7%	85	47.8%	6	24.0%	5	7	11	66	7	10	2	17
37	https://www.fotmob.com/players/543304	\N	\N	\N	\N	\N	\N	\N	\N	\N	\N	\N	1	0.80	0.36	\N	14	2	2	1.96	669	86.5%	60	63.8%	25	29	42.0%	15	46.9%	1,025	21	14	6	\N	14	56.0%	55	44.0%	9	50.0%	12	7	17	90	9	14	3	14
38	https://www.fotmob.com/players/580132/francisco-ilarregui	\N	\N	\N	\N	\N	\N	\N	\N	\N	\N	\N	0	\N	\N	\N	0	\N	0	\N	0	\N	\N	\N	\N	\N	\N	\N	\N	0	\N	0	\N	\N	\N	\N	\N	\N	\N	\N	\N	\N	\N	\N	\N	\N	0	15
39	https://www.fotmob.com/players/616508/federico-fattori	\N	\N	\N	\N	\N	\N	\N	\N	\N	\N	\N	0	\N	\N	\N	0	\N	0	0.40	913	89.5%	93	69.9%	7	\N	\N	2	66.7%	1,201	3	11	11	\N	15	48.4%	57	42.5%	14	43.8%	22	\N	31	86	5	19	7	16
40	https://www.fotmob.com/players/1342579/alan-lescano	\N	\N	\N	\N	\N	\N	\N	\N	\N	\N	\N	3	3.98	2.76	\N	38	8	4	2.78	608	84.8%	39	75.0%	21	5	50.0%	20	55.6%	996	54	28	33	\N	15	53.6%	97	53.0%	16	48.5%	5	13	13	65	9	12	1	24
41	https://www.fotmob.com/players/1437199/juan-cardozo	\N	\N	\N	\N	\N	\N	\N	\N	\N	\N	\N	0	0.02	\N	\N	1	\N	0	0.06	104	91.2%	6	66.7%	2	\N	\N	2	50.0%	146	\N	2	\N	\N	5	83.3%	14	43.8%	6	42.9%	\N	1	4	11	\N	2	0	18
42	https://www.fotmob.com/players/1609797/lucas-gomez	\N	\N	\N	\N	\N	\N	\N	\N	\N	\N	\N	\N	\N	\N	\N	\N	\N	\N	\N	\N	\N	\N	\N	\N	\N	\N	\N	\N	\N	\N	\N	\N	\N	\N	\N	\N	\N	\N	\N	\N	\N	\N	\N	\N	\N	\N	19
43	https://www.fotmob.com/players/1613475/ariel-gamarra	\N	\N	\N	\N	\N	\N	\N	\N	\N	\N	\N	\N	\N	\N	\N	\N	\N	\N	\N	\N	\N	\N	\N	\N	\N	\N	\N	\N	\N	\N	\N	\N	\N	\N	\N	\N	\N	\N	\N	\N	\N	\N	\N	\N	\N	\N	20
44	https://www.fotmob.com/players/1648046/diego-porcel	\N	\N	\N	\N	\N	\N	\N	\N	\N	\N	\N	\N	\N	\N	\N	\N	\N	\N	\N	\N	\N	\N	\N	\N	\N	\N	\N	\N	\N	\N	\N	\N	\N	\N	\N	\N	\N	\N	\N	\N	\N	\N	\N	\N	\N	\N	21
45	https://www.fotmob.com/players/1722265/luis-fernando-alvarez	\N	\N	\N	\N	\N	\N	\N	\N	\N	\N	\N	\N	\N	\N	\N	\N	\N	\N	\N	\N	\N	\N	\N	\N	\N	\N	\N	\N	\N	\N	\N	\N	\N	\N	\N	\N	\N	\N	\N	\N	\N	\N	\N	\N	\N	\N	22
46	https://www.fotmob.com/players/892175/cristian-ferreira	\N	\N	\N	\N	\N	\N	\N	\N	\N	\N	\N	\N	\N	\N	\N	\N	\N	\N	\N	\N	\N	\N	\N	\N	\N	\N	\N	\N	\N	\N	\N	\N	\N	\N	\N	\N	\N	\N	\N	\N	\N	\N	\N	\N	\N	\N	23
47	https://www.fotmob.com/players/1304246/emiliano-viveros	\N	\N	\N	\N	\N	\N	\N	\N	\N	\N	\N	1	0.92	0.99	\N	9	1	0	0.49	208	86.7%	7	53.8%	8	5	25.0%	9	56.2%	370	13	9	12	\N	10	58.8%	40	53.3%	2	22.2%	4	3	7	40	6	6	0	26
48	https://www.fotmob.com/players/41552/victor-ismael-sosa	\N	\N	\N	\N	\N	\N	\N	\N	\N	\N	\N	\N	\N	\N	\N	\N	\N	\N	\N	\N	\N	\N	\N	\N	\N	\N	\N	\N	\N	\N	\N	\N	\N	\N	\N	\N	\N	\N	\N	\N	\N	\N	\N	\N	\N	\N	25
49	https://www.fotmob.com/players/1436204/manuel-brondo	\N	\N	\N	\N	\N	\N	\N	\N	\N	\N	\N	\N	\N	\N	\N	\N	\N	\N	\N	\N	\N	\N	\N	\N	\N	\N	\N	\N	\N	\N	\N	\N	\N	\N	\N	\N	\N	\N	\N	\N	\N	\N	\N	\N	\N	\N	27
50	https://www.fotmob.com/players/289443/ruben-bentancourt	\N	\N	\N	\N	\N	\N	\N	\N	\N	\N	\N	\N	\N	\N	\N	\N	\N	\N	\N	\N	\N	\N	\N	\N	\N	\N	\N	\N	\N	\N	\N	\N	\N	\N	\N	\N	\N	\N	\N	\N	\N	\N	\N	\N	\N	\N	28
51	https://www.fotmob.com/players/613299/maximiliano-romero	\N	\N	\N	\N	\N	\N	\N	\N	\N	\N	\N	4	2.81	3.50	\N	19	9	1	1.26	124	66.0%	3	23.1%	14	1	33.3%	4	33.3%	315	57	10	12	1	5	71.4%	38	37.3%	15	34.1%	3	6	14	33	11	6	0	1101
52	https://www.fotmob.com/players/690398/santiago-rodriguez	\N	\N	\N	\N	\N	\N	\N	\N	\N	\N	\N	\N	\N	\N	\N	\N	\N	\N	\N	\N	\N	\N	\N	\N	\N	\N	\N	\N	\N	\N	\N	\N	\N	\N	\N	\N	\N	\N	\N	\N	\N	\N	\N	\N	\N	\N	30
53	https://www.fotmob.com/players/727094/joaquin-ardaiz	\N	\N	\N	\N	\N	\N	\N	\N	\N	\N	\N	\N	\N	\N	\N	\N	\N	\N	\N	\N	\N	\N	\N	\N	\N	\N	\N	\N	\N	\N	\N	\N	\N	\N	\N	\N	\N	\N	\N	\N	\N	\N	\N	\N	\N	\N	31
54	https://www.fotmob.com/players/728323/tomas-molina	\N	\N	\N	\N	\N	\N	\N	\N	\N	\N	\N	9	6.90	9.98	\N	48	20	1	0.98	206	71.5%	7	70.0%	12	1	12.5%	18	41.9%	576	100	20	26	1	17	70.8%	125	51.2%	58	54.2%	\N	8	18	46	15	11	2	32
55	https://www.fotmob.com/players/1372718/jose-herrera	\N	\N	\N	\N	\N	\N	\N	\N	\N	\N	\N	4	2.50	2.24	\N	34	12	2	1.47	284	77.6%	13	61.9%	13	3	8.6%	12	35.3%	639	60	21	20	\N	9	69.2%	67	45.3%	22	59.5%	9	11	17	33	4	7	2	33
56	https://www.fotmob.com/players/1133039/diego-romero	\N	\N	\N	\N	\N	\N	\N	\N	\N	\N	\N	\N	\N	\N	\N	\N	\N	\N	\N	\N	\N	\N	\N	\N	\N	\N	\N	\N	\N	\N	\N	\N	\N	\N	\N	\N	\N	\N	\N	\N	\N	\N	\N	\N	\N	\N	65
57	https://www.fotmob.com/players/1200037/facundo-sanguinetti	\N	49	72.1%	19	3.18	4	0	9	\N	\N	\N	\N	\N	\N	\N	\N	\N	\N	\N	\N	54.9%	100	37.2%	\N	\N	\N	\N	\N	\N	\N	\N	\N	\N	\N	\N	\N	\N	\N	\N	\N	\N	\N	\N	\N	\N	1	66
58	https://www.fotmob.com/players/566259/ezequiel-bonifacio	\N	\N	\N	\N	\N	\N	\N	\N	\N	\N	\N	0	0.14	\N	\N	3	\N	0	0.08	112	71.3%	9	28.1%	2	1	20.0%	4	57.1%	272	2	2	4	\N	5	62.5%	20	51.3%	4	44.4%	6	1	9	26	2	1	3	67
59	https://www.fotmob.com/players/1241612/assist-ramiro-di-luciano	\N	\N	\N	\N	\N	\N	\N	\N	\N	\N	\N	0	0.27	0.73	\N	5	2	2	1.79	179	64.6%	8	16.0%	9	7	18.4%	9	30.0%	665	19	5	32	\N	10	52.6%	82	59.0%	24	61.5%	23	\N	11	56	5	6	2	68
60	https://www.fotmob.com/players/1610960/juan-iribarren	\N	\N	\N	\N	\N	\N	\N	\N	\N	\N	\N	0	\N	\N	\N	0	\N	0	0.03	48	76.2%	5	50.0%	1	\N	\N	2	50.0%	149	1	0	\N	\N	5	83.3%	9	47.4%	1	20.0%	8	\N	3	9	1	1	1	69
61	https://www.fotmob.com/players/743052/alexis-maldonado	\N	\N	\N	\N	\N	\N	\N	\N	\N	\N	\N	0	0.24	0.05	\N	3	1	0	0.11	269	80.1%	29	40.8%	1	\N	\N	1	50.0%	519	9	2	4	\N	13	61.9%	64	66.7%	38	70.4%	12	\N	12	37	2	2	5	70
62	https://www.fotmob.com/players/881623/paul-riveros	\N	\N	\N	\N	\N	\N	\N	\N	\N	\N	\N	0	\N	\N	\N	0	\N	0	0.02	100	79.4%	13	50.0%	1	\N	\N	\N	\N	205	3	0	3	\N	2	33.3%	19	51.4%	10	52.6%	7	\N	9	11	\N	\N	3	71
63	https://www.fotmob.com/players/1054270/nicolas-hernandez	\N	\N	\N	\N	\N	\N	\N	\N	\N	\N	\N	0	0.19	\N	\N	1	\N	0	0.36	483	80.9%	68	47.6%	2	\N	\N	2	66.7%	789	5	0	5	\N	11	73.3%	50	59.5%	28	62.2%	18	\N	8	37	\N	9	1	72
64	https://www.fotmob.com/players/1219709/joaquin-pombo	\N	\N	\N	\N	\N	\N	\N	\N	\N	\N	\N	0	\N	\N	\N	0	\N	0	0.21	254	77.9%	19	38.0%	\N	\N	\N	4	66.7%	484	5	2	4	\N	10	66.7%	49	61.2%	26	63.4%	11	\N	12	35	1	1	2	73
65	https://www.fotmob.com/players/1695058/brandon-oviedo	\N	\N	\N	\N	\N	\N	\N	\N	\N	\N	\N	0	0.02	0.01	\N	1	1	0	0.00	14	60.9%	1	33.3%	\N	\N	\N	3	60.0%	60	2	1	3	\N	1	50.0%	10	55.6%	2	100.0%	3	\N	5	5	1	\N	2	74
66	https://www.fotmob.com/players/1254641/luis-ignacio-abraham	\N	\N	\N	\N	\N	\N	\N	\N	\N	\N	\N	0	0.26	\N	\N	3	\N	0	0.15	65	65.0%	4	21.1%	2	3	27.3%	4	40.0%	206	6	3	1	\N	6	75.0%	14	34.1%	1	12.5%	2	1	8	9	\N	3	1	75
67	https://www.fotmob.com/players/1478196/mathias-de-ritis	\N	\N	\N	\N	\N	\N	\N	\N	\N	\N	\N	0	0.43	\N	\N	10	\N	0	0.35	232	67.8%	23	31.9%	6	7	15.6%	14	41.2%	716	7	12	9	\N	23	62.2%	73	48.7%	13	72.2%	16	8	23	45	2	18	4	76
68	https://www.fotmob.com/players/426408/leonel-ariel-miranda	\N	\N	\N	\N	\N	\N	\N	\N	\N	\N	\N	\N	\N	\N	\N	\N	\N	\N	\N	\N	\N	\N	\N	\N	\N	\N	\N	\N	\N	\N	\N	\N	\N	\N	\N	\N	\N	\N	\N	\N	\N	\N	\N	\N	\N	\N	77
69	https://www.fotmob.com/players/1038763/santiago-lopez	\N	\N	\N	\N	\N	\N	\N	\N	\N	\N	\N	1	0.78	0.59	\N	6	2	0	0.25	285	86.6%	12	46.2%	4	1	12.5%	8	88.9%	471	7	11	15	\N	13	72.2%	46	53.5%	5	41.7%	7	\N	12	56	5	10	2	78
70	https://www.fotmob.com/players/1241613/lautaro-rios	\N	\N	\N	\N	\N	\N	\N	\N	\N	\N	\N	0	0.26	0.13	\N	11	2	0	0.18	270	79.2%	22	56.4%	4	\N	\N	4	50.0%	484	3	3	10	\N	15	62.5%	57	55.3%	19	55.9%	13	3	17	35	2	9	4	79
71	https://www.fotmob.com/players/1323824/martin-rio	\N	\N	\N	\N	\N	\N	\N	\N	\N	\N	\N	2	1.04	1.65	\N	13	3	1	0.89	422	79.2%	31	44.3%	9	2	66.7%	4	57.1%	738	16	9	9	\N	15	53.6%	78	52.7%	38	58.5%	25	5	16	61	1	18	5	80
72	https://www.fotmob.com/players/1416383/lucas-palavecino	\N	\N	\N	\N	\N	\N	\N	\N	\N	\N	\N	\N	\N	\N	\N	\N	\N	\N	\N	\N	\N	\N	\N	\N	\N	\N	\N	\N	\N	\N	\N	\N	\N	\N	\N	\N	\N	\N	\N	\N	\N	\N	\N	\N	\N	\N	1122
73	https://www.fotmob.com/players/1447884/tomas-adoryan	\N	\N	\N	\N	\N	\N	\N	\N	\N	\N	\N	1	1.09	1.15	\N	13	4	0	0.18	163	80.3%	11	55.0%	3	1	7.1%	4	66.7%	315	9	4	12	\N	8	57.1%	39	58.2%	9	52.9%	2	2	10	46	5	5	3	82
74	https://www.fotmob.com/players/1675394/lisandro-pinero	\N	\N	\N	\N	\N	\N	\N	\N	\N	\N	\N	\N	\N	\N	\N	\N	\N	\N	\N	\N	\N	\N	\N	\N	\N	\N	\N	\N	\N	\N	\N	\N	\N	\N	\N	\N	\N	\N	\N	\N	\N	\N	\N	\N	\N	\N	83
75	https://www.fotmob.com/players/1685811/santiago-esquivel	\N	\N	\N	\N	\N	\N	\N	\N	\N	\N	\N	0	0.20	0.73	\N	2	2	0	0.14	91	82.0%	6	66.7%	6	\N	\N	\N	\N	147	4	5	2	\N	3	42.9%	10	35.7%	1	16.7%	4	\N	5	17	2	1	2	84
76	https://www.fotmob.com/players/1489242/geronimo-rivera	\N	\N	\N	\N	\N	\N	\N	\N	\N	\N	\N	2	1.74	1.71	\N	20	7	1	1.03	135	71.1%	9	47.4%	9	7	17.5%	10	33.3%	457	22	20	23	1	10	66.7%	53	41.1%	5	27.8%	9	4	14	41	2	11	3	85
77	https://www.fotmob.com/players/1314171/gonzalo-rios	\N	\N	\N	\N	\N	\N	\N	\N	\N	\N	\N	0	1.33	1.22	\N	19	7	0	1.23	231	80.2%	15	57.7%	16	11	28.2%	13	34.2%	534	15	16	20	\N	8	61.5%	55	44.0%	9	45.0%	11	5	7	54	7	11	0	86
78	https://www.fotmob.com/players/74931/damian-diaz	\N	\N	\N	\N	\N	\N	\N	\N	\N	\N	\N	0	0.40	\N	\N	2	1	0	0.22	60	75.0%	2	50.0%	3	2	20.0%	2	50.0%	118	3	6	3	\N	3	100.0%	9	45.0%	1	50.0%	\N	1	2	5	\N	1	1	87
79	https://www.fotmob.com/players/1200040/assist-matias-gonzalez	\N	\N	\N	\N	\N	\N	\N	\N	\N	\N	\N	\N	\N	\N	\N	\N	\N	\N	\N	\N	\N	\N	\N	\N	\N	\N	\N	\N	\N	\N	\N	\N	\N	\N	\N	\N	\N	\N	\N	\N	\N	\N	\N	\N	\N	\N	88
80	https://www.fotmob.com/players/1280327/gabriel-vega	\N	\N	\N	\N	\N	\N	\N	\N	\N	\N	\N	1	0.91	0.61	\N	3	1	1	0.55	81	81.8%	4	66.7%	5	2	33.3%	9	69.2%	167	5	9	7	\N	2	25.0%	26	48.1%	2	25.0%	3	\N	3	14	1	6	1	89
81	https://www.fotmob.com/players/848153/juan-alvarez	\N	\N	\N	\N	\N	\N	\N	\N	\N	\N	\N	0	0.75	0.76	\N	17	5	3	3.23	121	67.6%	4	26.7%	23	28	31.8%	16	41.0%	437	30	11	3	\N	4	57.1%	32	32.7%	6	33.3%	6	5	4	45	8	16	0	1131
82	https://www.fotmob.com/players/1037265/agustin-obando	\N	\N	\N	\N	\N	\N	\N	\N	\N	\N	\N	0	\N	\N	\N	0	\N	0	0.11	9	45.0%	1	16.7%	2	3	75.0%	\N	\N	31	\N	0	1	\N	\N	\N	3	100.0%	2	100.0%	\N	\N	\N	1	\N	\N	0	91
83	https://www.fotmob.com/players/741669/bruno-sepulveda	\N	\N	\N	\N	\N	\N	\N	\N	\N	\N	\N	0	0.41	0.28	\N	3	1	0	0.04	24	66.7%	\N	\N	\N	\N	\N	2	50.0%	64	8	3	2	\N	1	100.0%	8	30.8%	3	37.5%	\N	\N	9	8	1	1	1	1133
84	https://www.fotmob.com/players/988065/marcos-arturia	\N	\N	\N	\N	\N	\N	\N	\N	\N	\N	\N	1	1.51	1.15	\N	14	3	0	1.01	58	68.2%	\N	\N	6	\N	\N	1	11.1%	193	21	12	16	\N	5	55.6%	44	37.6%	18	35.3%	1	4	20	25	5	4	3	93
85	https://www.fotmob.com/players/1339423/juan-bisanz	\N	\N	\N	\N	\N	\N	\N	\N	\N	\N	\N	0	0.75	\N	\N	7	\N	0	0.47	72	72.7%	4	80.0%	8	1	9.1%	9	45.0%	202	18	10	9	\N	8	88.9%	37	41.6%	12	42.9%	2	2	11	19	4	4	2	94
86	https://www.fotmob.com/players/1348065/agustin-alaniz	\N	\N	\N	\N	\N	\N	\N	\N	\N	\N	\N	2	1.81	1.66	\N	25	7	2	1.78	162	75.0%	3	42.9%	8	5	16.1%	12	30.8%	460	35	18	15	\N	11	68.8%	45	34.6%	2	12.5%	6	8	16	37	6	10	1	95
87	https://www.fotmob.com/players/1457902/mauricio-roldan	\N	\N	\N	\N	\N	\N	\N	\N	\N	\N	\N	\N	\N	\N	\N	\N	\N	\N	\N	\N	\N	\N	\N	\N	\N	\N	\N	\N	\N	\N	\N	\N	\N	\N	\N	\N	\N	\N	\N	\N	\N	\N	\N	\N	\N	\N	96
134	https://www.fotmob.com/players/1729959/alvaro-ocampo	\N	\N	\N	\N	\N	\N	\N	\N	\N	\N	\N	\N	\N	\N	\N	\N	\N	\N	\N	\N	\N	\N	\N	\N	\N	\N	\N	\N	\N	\N	\N	\N	\N	\N	\N	\N	\N	\N	\N	\N	\N	\N	\N	\N	\N	\N	145
88	https://www.fotmob.com/players/1709096/tomas-nasif	\N	\N	\N	\N	\N	\N	\N	\N	\N	\N	\N	3	1.43	3.08	\N	6	6	1	0.27	75	60.5%	1	50.0%	3	1	50.0%	7	50.0%	212	29	7	8	\N	\N	\N	38	38.8%	22	37.3%	1	\N	9	13	2	3	0	1138
89	https://www.fotmob.com/players/591557/marcos-ledesma	\N	55	72.4%	21	-2.73	5	0	26	\N	\N	\N	\N	\N	\N	\N	\N	\N	\N	\N	\N	45.6%	99	35.6%	\N	\N	\N	\N	\N	\N	\N	\N	\N	\N	\N	\N	\N	\N	\N	\N	\N	\N	\N	\N	\N	\N	2	99
90	https://www.fotmob.com/players/847988/marcelo-mino	\N	51	78.5%	14	1.32	4	0	6	\N	\N	\N	\N	\N	\N	\N	\N	\N	\N	\N	\N	52.5%	78	39.8%	\N	\N	\N	\N	\N	\N	\N	\N	\N	\N	\N	\N	\N	\N	\N	\N	\N	\N	\N	\N	\N	\N	0	100
91	https://www.fotmob.com/players/1717414/juan-insua	\N	\N	\N	\N	\N	\N	\N	\N	\N	\N	\N	\N	\N	\N	\N	\N	\N	\N	\N	\N	\N	\N	\N	\N	\N	\N	\N	\N	\N	\N	\N	\N	\N	\N	\N	\N	\N	\N	\N	\N	\N	\N	\N	\N	\N	\N	101
92	https://www.fotmob.com/players/529092/assist-rafael-barrios	\N	\N	\N	\N	\N	\N	\N	\N	\N	\N	\N	0	0.57	\N	\N	3	\N	0	0.11	55	60.4%	5	29.4%	\N	5	25.0%	3	37.5%	208	8	6	4	\N	2	50.0%	20	40.8%	9	75.0%	3	\N	9	19	\N	6	3	102
93	https://www.fotmob.com/players/115671/fernando-tobio	\N	\N	\N	\N	\N	\N	\N	\N	\N	\N	\N	1	0.35	1.26	\N	2	2	0	0.56	250	64.4%	70	38.3%	\N	\N	\N	\N	\N	559	9	0	3	\N	9	81.8%	36	62.1%	22	61.1%	9	\N	7	25	\N	1	4	103
94	https://www.fotmob.com/players/495383/yonatthan-rak	\N	\N	\N	\N	\N	\N	\N	\N	\N	\N	\N	0	0.49	0.18	\N	7	1	2	0.89	216	74.5%	37	43.0%	2	\N	\N	3	50.0%	439	19	1	6	\N	11	64.7%	40	67.8%	14	63.6%	8	4	4	34	\N	3	1	104
95	https://www.fotmob.com/players/925286/nicolas-demartini	\N	\N	\N	\N	\N	\N	\N	\N	\N	\N	\N	0	0.02	\N	\N	1	\N	0	0.04	204	72.6%	14	25.5%	1	\N	\N	1	14.3%	493	2	4	3	\N	16	55.2%	45	50.6%	12	60.0%	20	1	16	30	\N	11	4	105
96	https://www.fotmob.com/players/1111071/nicolas-capraro	\N	\N	\N	\N	\N	\N	\N	\N	\N	\N	\N	0	0.10	\N	\N	1	\N	0	0.00	7	41.2%	1	11.1%	\N	\N	\N	\N	\N	38	1	0	\N	\N	2	100.0%	2	25.0%	\N	\N	6	\N	\N	4	\N	2	0	106
97	https://www.fotmob.com/players/1328559/agustin-irazoque	\N	\N	\N	\N	\N	\N	\N	\N	\N	\N	\N	\N	\N	\N	\N	\N	\N	\N	\N	\N	\N	\N	\N	\N	\N	\N	\N	\N	\N	\N	\N	\N	\N	\N	\N	\N	\N	\N	\N	\N	\N	\N	\N	\N	\N	\N	1147
98	https://www.fotmob.com/players/1609268/kevin-jappert	\N	\N	\N	\N	\N	\N	\N	\N	\N	\N	\N	2	1.29	1.90	\N	5	2	0	0.90	232	62.2%	36	28.8%	1	\N	\N	5	50.0%	668	12	1	17	\N	13	61.9%	63	63.0%	21	52.5%	37	1	8	77	1	4	1	108
99	https://www.fotmob.com/players/1095779/facundo-mater	\N	\N	\N	\N	\N	\N	\N	\N	\N	\N	\N	0	0.36	\N	\N	4	\N	0	0.71	189	71.1%	19	36.5%	10	4	40.0%	13	43.3%	517	8	10	19	\N	13	50.0%	64	46.7%	6	25.0%	23	1	11	52	1	19	4	109
100	https://www.fotmob.com/players/1336136/maximiliano-puig	\N	\N	\N	\N	\N	\N	\N	\N	\N	\N	\N	\N	\N	\N	\N	\N	\N	\N	\N	\N	\N	\N	\N	\N	\N	\N	\N	\N	\N	\N	\N	\N	\N	\N	\N	\N	\N	\N	\N	\N	\N	\N	\N	\N	\N	\N	110
101	https://www.fotmob.com/players/1134305/rodrigo-insua	\N	\N	\N	\N	\N	\N	\N	\N	\N	\N	\N	2	2.28	2.21	\N	14	5	2	0.98	287	63.9%	22	30.1%	17	14	20.0%	8	34.8%	797	25	11	13	\N	16	76.2%	65	47.4%	23	56.1%	9	2	18	57	4	10	3	111
102	https://www.fotmob.com/players/1371860/alex-juarez	\N	\N	\N	\N	\N	\N	\N	\N	\N	\N	\N	0	0.52	0.07	\N	8	3	0	0.49	69	71.9%	4	40.0%	5	\N	\N	6	50.0%	164	7	4	4	\N	3	100.0%	15	44.1%	2	28.6%	1	2	5	16	3	\N	0	112
103	https://www.fotmob.com/players/182159/dardo-federico-miloc	\N	\N	\N	\N	\N	\N	\N	\N	\N	\N	\N	0	0.38	0.30	\N	2	1	0	0.20	330	76.6%	12	41.4%	2	1	100.0%	3	75.0%	606	3	7	16	\N	24	60.0%	79	59.4%	20	54.1%	29	\N	22	72	1	7	3	113
104	https://www.fotmob.com/players/944446	\N	\N	\N	\N	\N	\N	\N	\N	\N	\N	\N	1	1.42	2.24	\N	17	7	1	1.87	247	77.2%	13	54.2%	16	22	44.9%	1	50.0%	450	4	8	10	\N	\N	\N	19	30.6%	5	31.2%	7	3	14	36	1	9	2	114
105	https://www.fotmob.com/players/1200765/siro-rosane	\N	\N	\N	\N	\N	\N	\N	\N	\N	\N	\N	0	0.16	\N	\N	8	\N	1	0.33	223	74.6%	19	52.8%	4	\N	\N	2	33.3%	405	5	5	9	\N	10	62.5%	41	51.2%	14	50.0%	8	5	8	45	\N	8	2	115
106	https://www.fotmob.com/players/1435962/ignacio-tapia	\N	\N	\N	\N	\N	\N	\N	\N	\N	\N	\N	\N	\N	\N	\N	\N	\N	\N	\N	\N	\N	\N	\N	\N	\N	\N	\N	\N	\N	\N	\N	\N	\N	\N	\N	\N	\N	\N	\N	\N	\N	\N	\N	\N	\N	\N	116
107	https://www.fotmob.com/players/1607377/tomas-porra	\N	\N	\N	\N	\N	\N	\N	\N	\N	\N	\N	0	0.38	\N	\N	2	\N	1	0.40	80	81.6%	3	50.0%	8	3	30.0%	4	44.4%	161	12	5	10	\N	2	100.0%	21	42.9%	5	31.2%	2	1	4	16	\N	3	0	117
108	https://www.fotmob.com/players/1253932/manuel-duarte	\N	\N	\N	\N	\N	\N	\N	\N	\N	\N	\N	1	0.53	0.48	\N	10	2	0	0.35	109	83.2%	9	75.0%	6	3	60.0%	10	55.6%	207	3	7	5	\N	3	75.0%	21	43.8%	2	40.0%	3	3	2	23	\N	7	1	118
109	https://www.fotmob.com/players/1513420/javier-ruiz	\N	\N	\N	\N	\N	\N	\N	\N	\N	\N	\N	1	0.37	0.95	\N	14	4	4	1.56	138	82.6%	7	63.6%	11	4	33.3%	39	52.7%	421	12	36	26	\N	6	50.0%	82	44.6%	5	33.3%	1	3	14	63	10	7	0	119
110	https://www.fotmob.com/players/838234/cristian-nahuel-barrios	\N	\N	\N	\N	\N	\N	\N	\N	\N	\N	\N	0	0.30	0.11	\N	9	4	0	0.69	214	79.6%	12	75.0%	8	2	20.0%	21	40.4%	443	12	14	21	\N	4	57.1%	51	45.9%	2	22.2%	7	\N	5	34	3	5	0	120
111	https://www.fotmob.com/players/1614583/thiago-perugini	\N	\N	\N	\N	\N	\N	\N	\N	\N	\N	\N	\N	\N	\N	\N	\N	\N	\N	\N	\N	\N	\N	\N	\N	\N	\N	\N	\N	\N	\N	\N	\N	\N	\N	\N	\N	\N	\N	\N	\N	\N	\N	\N	\N	\N	\N	121
112	https://www.fotmob.com/players/1641109/mateo-coronel	\N	\N	\N	\N	\N	\N	\N	\N	\N	\N	\N	\N	\N	\N	\N	\N	\N	\N	\N	\N	\N	\N	\N	\N	\N	\N	\N	\N	\N	\N	\N	\N	\N	\N	\N	\N	\N	\N	\N	\N	\N	\N	\N	\N	\N	\N	122
113	https://www.fotmob.com/players/1694198/valentino-gandin	\N	\N	\N	\N	\N	\N	\N	\N	\N	\N	\N	\N	\N	\N	\N	\N	\N	\N	\N	\N	\N	\N	\N	\N	\N	\N	\N	\N	\N	\N	\N	\N	\N	\N	\N	\N	\N	\N	\N	\N	\N	\N	\N	\N	\N	\N	123
114	https://www.fotmob.com/players/1700213/ivan-guaraz	\N	\N	\N	\N	\N	\N	\N	\N	\N	\N	\N	\N	\N	\N	\N	\N	\N	\N	\N	\N	\N	\N	\N	\N	\N	\N	\N	\N	\N	\N	\N	\N	\N	\N	\N	\N	\N	\N	\N	\N	\N	\N	\N	\N	\N	\N	124
115	https://www.fotmob.com/players/1748918/fausto-pianovani	\N	\N	\N	\N	\N	\N	\N	\N	\N	\N	\N	\N	\N	\N	\N	\N	\N	\N	\N	\N	\N	\N	\N	\N	\N	\N	\N	\N	\N	\N	\N	\N	\N	\N	\N	\N	\N	\N	\N	\N	\N	\N	\N	\N	\N	\N	125
116	https://www.fotmob.com/players/212697/nicolas-blandi	\N	\N	\N	\N	\N	\N	\N	\N	\N	\N	\N	0	\N	\N	\N	0	\N	0	0.00	6	66.7%	\N	\N	\N	\N	\N	\N	\N	11	1	0	\N	\N	\N	\N	\N	\N	\N	\N	\N	\N	\N	1	1	\N	0	126
117	https://www.fotmob.com/players/745206/jhonatan-candia	\N	\N	\N	\N	\N	\N	\N	\N	\N	\N	\N	6	3.37	4.21	\N	24	10	1	1.05	162	63.8%	10	83.3%	8	1	20.0%	11	45.8%	429	46	11	16	\N	4	50.0%	86	35.7%	51	32.5%	2	3	22	21	5	7	5	127
118	https://www.fotmob.com/players/971264/assist-facundo-bruera	\N	\N	\N	\N	\N	\N	\N	\N	\N	\N	\N	5	3.11	4.21	\N	24	10	1	0.72	94	59.9%	2	50.0%	10	2	66.7%	3	20.0%	296	35	11	8	\N	3	50.0%	67	41.4%	50	50.5%	2	5	21	22	2	6	1	128
119	https://www.fotmob.com/players/1341070/facundo-kruger	\N	\N	\N	\N	\N	\N	\N	\N	\N	\N	\N	\N	\N	\N	\N	\N	\N	\N	\N	\N	\N	\N	\N	\N	\N	\N	\N	\N	\N	\N	\N	\N	\N	\N	\N	\N	\N	\N	\N	\N	\N	\N	\N	\N	\N	\N	1169
120	https://www.fotmob.com/players/1408244/gonzalo-morales	\N	\N	\N	\N	\N	\N	\N	\N	\N	\N	\N	1	1.80	1.54	\N	17	4	1	0.40	72	72.0%	3	37.5%	6	2	25.0%	1	12.5%	199	24	12	12	2	2	100.0%	22	34.4%	7	28.0%	\N	8	5	11	2	2	0	130
121	https://www.fotmob.com/players/369831/manuel-vicentini	\N	13	72.2%	5	4.04	2	0	3	\N	\N	\N	\N	\N	\N	\N	\N	\N	\N	\N	\N	47.1%	30	29.4%	\N	\N	\N	\N	\N	\N	\N	\N	\N	\N	\N	\N	\N	\N	\N	\N	\N	\N	\N	\N	\N	\N	1	132
122	https://www.fotmob.com/players/833271/ignacio-chicco	\N	17	68.0%	8	-0.51	2	0	9	\N	\N	\N	\N	\N	\N	\N	\N	\N	\N	\N	\N	73.1%	41	43.2%	\N	\N	\N	\N	\N	\N	\N	\N	\N	\N	\N	\N	\N	\N	\N	\N	\N	\N	\N	\N	\N	\N	0	133
123	https://www.fotmob.com/players/875078/juan-espinola	\N	23	56.1%	18	-5.82	3	0	13	\N	\N	\N	\N	\N	\N	\N	\N	\N	\N	\N	\N	55.3%	69	32.7%	\N	\N	\N	\N	\N	\N	\N	\N	\N	\N	\N	\N	\N	\N	\N	\N	\N	\N	\N	\N	\N	\N	1	134
124	https://www.fotmob.com/players/1630644/matias-daniele	\N	\N	\N	\N	\N	\N	\N	\N	\N	\N	\N	\N	\N	\N	\N	\N	\N	\N	\N	\N	\N	\N	\N	\N	\N	\N	\N	\N	\N	\N	\N	\N	\N	\N	\N	\N	\N	\N	\N	\N	\N	\N	\N	\N	\N	\N	135
125	https://www.fotmob.com/players/1666512/lucas-argayo	\N	\N	\N	\N	\N	\N	\N	\N	\N	\N	\N	\N	\N	\N	\N	\N	\N	\N	\N	\N	\N	\N	\N	\N	\N	\N	\N	\N	\N	\N	\N	\N	\N	\N	\N	\N	\N	\N	\N	\N	\N	\N	\N	\N	\N	\N	136
126	https://www.fotmob.com/players/1074868/elias-sebastian-lopez	\N	\N	\N	\N	\N	\N	\N	\N	\N	\N	\N	0	0.03	\N	\N	2	\N	0	0.24	69	74.2%	5	27.8%	2	3	27.3%	4	66.7%	179	5	0	4	\N	8	100.0%	19	70.4%	3	42.9%	1	1	2	20	1	\N	1	137
127	https://www.fotmob.com/players/1523536/geronimo-heredia	\N	\N	\N	\N	\N	\N	\N	\N	\N	\N	\N	0	0.14	0.06	\N	6	1	0	0.26	113	70.2%	7	29.2%	3	4	28.6%	4	33.3%	301	8	3	3	\N	4	44.4%	25	43.1%	9	56.2%	4	3	12	16	\N	4	3	138
128	https://www.fotmob.com/players/892840/anibal-leguizamon	\N	\N	\N	\N	\N	\N	\N	\N	\N	\N	\N	0	0.13	\N	\N	3	\N	0	0.15	259	74.9%	41	46.6%	1	1	100.0%	\N	\N	461	11	0	7	\N	1	11.1%	46	61.3%	30	62.5%	11	\N	9	29	1	1	0	139
129	https://www.fotmob.com/players/1042556/agustin-dattola	\N	\N	\N	\N	\N	\N	\N	\N	\N	\N	\N	0	0.06	\N	\N	2	\N	0	0.04	121	83.4%	9	37.5%	\N	\N	\N	\N	\N	182	2	0	2	\N	2	66.7%	17	65.4%	12	70.6%	3	2	3	12	\N	1	1	140
130	https://www.fotmob.com/players/1299928/nicolas-meriano	\N	\N	\N	\N	\N	\N	\N	\N	\N	\N	\N	0	0.03	\N	\N	2	\N	0	0.03	137	79.2%	7	23.3%	\N	\N	\N	\N	\N	260	3	2	1	\N	3	75.0%	15	55.6%	10	71.4%	7	\N	4	11	\N	2	2	141
131	https://www.fotmob.com/players/1336581/agustin-baldi	\N	\N	\N	\N	\N	\N	\N	\N	\N	\N	\N	0	0.13	\N	\N	3	\N	0	0.17	177	75.3%	11	44.0%	2	4	100.0%	1	25.0%	329	3	1	3	\N	4	57.1%	32	52.5%	21	67.7%	4	1	12	22	1	4	3	142
132	https://www.fotmob.com/players/1520184/mariano-troilo	\N	\N	\N	\N	\N	\N	\N	\N	\N	\N	\N	1	0.52	0.60	\N	9	3	1	0.28	292	76.0%	33	33.3%	2	1	50.0%	\N	\N	566	13	0	6	\N	14	66.7%	58	55.8%	31	64.6%	10	\N	23	34	\N	5	6	143
133	https://www.fotmob.com/players/1671451/juan-herrera	\N	\N	\N	\N	\N	\N	\N	\N	\N	\N	\N	\N	\N	\N	\N	\N	\N	\N	\N	\N	\N	\N	\N	\N	\N	\N	\N	\N	\N	\N	\N	\N	\N	\N	\N	\N	\N	\N	\N	\N	\N	\N	\N	\N	\N	\N	144
135	https://www.fotmob.com/players/538346/fausto-grillo	\N	\N	\N	\N	\N	\N	\N	\N	\N	\N	\N	0	0.17	\N	\N	6	\N	0	0.41	187	72.2%	15	35.7%	1	5	55.6%	3	37.5%	466	10	3	5	\N	17	65.4%	53	52.5%	19	55.9%	9	1	17	19	2	10	4	146
136	https://www.fotmob.com/players/1242173/tobias-ostchega	\N	\N	\N	\N	\N	\N	\N	\N	\N	\N	\N	0	0.05	\N	\N	2	\N	1	0.68	189	79.1%	12	35.3%	3	4	22.2%	3	30.0%	395	6	0	4	\N	6	60.0%	29	53.7%	12	66.7%	4	1	9	15	\N	4	4	147
137	https://www.fotmob.com/players/1644112/juan-velazquez	\N	\N	\N	\N	\N	\N	\N	\N	\N	\N	\N	0	0.04	\N	\N	1	\N	0	0.08	50	73.5%	2	25.0%	1	1	7.7%	\N	\N	127	1	1	3	\N	1	50.0%	9	75.0%	4	100.0%	6	1	1	15	1	\N	1	1187
138	https://www.fotmob.com/players/1132245/santiago-longo	\N	\N	\N	\N	\N	\N	\N	\N	\N	\N	\N	0	0.02	\N	\N	1	\N	0	0.37	321	83.8%	27	50.9%	1	1	25.0%	3	60.0%	519	1	5	10	\N	17	68.0%	48	57.1%	12	54.5%	21	1	7	55	1	12	1	149
139	https://www.fotmob.com/players/146796/ariel-mauricio-rojas	\N	\N	\N	\N	\N	\N	\N	\N	\N	\N	\N	\N	\N	\N	\N	\N	\N	\N	\N	\N	\N	\N	\N	\N	\N	\N	\N	\N	\N	\N	\N	\N	\N	\N	\N	\N	\N	\N	\N	\N	\N	\N	\N	\N	\N	\N	150
140	https://www.fotmob.com/players/246408/lucas-menossi	\N	\N	\N	\N	\N	\N	\N	\N	\N	\N	\N	1	1.48	0.99	\N	12	1	0	0.43	261	81.6%	14	51.9%	9	5	31.2%	4	66.7%	451	11	8	11	\N	13	59.1%	49	49.5%	12	57.1%	7	6	16	48	4	15	4	151
141	https://www.fotmob.com/players/246409/facundo-tomas-quignon	\N	\N	\N	\N	\N	\N	\N	\N	\N	\N	\N	0	0.18	0.12	\N	3	1	0	0.31	233	82.0%	11	47.8%	6	\N	\N	3	60.0%	388	6	3	4	\N	10	37.0%	45	56.2%	11	47.8%	12	\N	10	38	3	9	0	152
142	https://www.fotmob.com/players/748843/francisco-gonzalez-metilli	\N	\N	\N	\N	\N	\N	\N	\N	\N	\N	\N	0	0.38	0.03	\N	8	1	1	0.77	309	81.1%	15	48.4%	8	2	11.1%	10	58.8%	535	12	8	6	\N	16	66.7%	47	48.0%	7	36.8%	8	2	15	41	5	10	0	153
143	https://www.fotmob.com/players/660835/matias-fernandez	\N	\N	\N	\N	\N	\N	\N	\N	\N	\N	\N	0	\N	\N	\N	0	\N	0	0.07	85	80.2%	6	50.0%	1	\N	\N	1	50.0%	152	\N	2	1	\N	1	100.0%	3	23.1%	\N	\N	4	\N	\N	8	\N	4	0	1193
144	https://www.fotmob.com/players/1516002/thiago-cravero	\N	\N	\N	\N	\N	\N	\N	\N	\N	\N	\N	0	0.02	0.22	\N	2	1	0	0.03	74	82.2%	4	44.4%	\N	\N	\N	\N	\N	117	\N	1	\N	\N	3	50.0%	7	46.7%	1	50.0%	3	1	3	7	1	3	1	155
145	https://www.fotmob.com/players/1520185/nicolas-brito	\N	\N	\N	\N	\N	\N	\N	\N	\N	\N	\N	\N	\N	\N	\N	\N	\N	\N	\N	\N	\N	\N	\N	\N	\N	\N	\N	\N	\N	\N	\N	\N	\N	\N	\N	\N	\N	\N	\N	\N	\N	\N	\N	\N	\N	\N	156
146	https://www.fotmob.com/players/1206665/assist-tomas-castro	\N	\N	\N	\N	\N	\N	\N	\N	\N	\N	\N	\N	\N	\N	\N	\N	\N	\N	\N	\N	\N	\N	\N	\N	\N	\N	\N	\N	\N	\N	\N	\N	\N	\N	\N	\N	\N	\N	\N	\N	\N	\N	\N	\N	\N	\N	168
147	https://www.fotmob.com/players/754685/gabriel-compagnucci	\N	\N	\N	\N	\N	\N	\N	\N	\N	\N	\N	0	0.10	\N	\N	3	\N	0	0.54	166	76.9%	16	47.1%	8	10	25.0%	3	60.0%	430	11	3	8	\N	8	61.5%	33	60.0%	9	90.0%	10	2	12	33	\N	4	1	157
148	https://www.fotmob.com/players/1219978/ulises-sanchez	\N	\N	\N	\N	\N	\N	\N	\N	\N	\N	\N	0	0.12	\N	\N	5	\N	1	0.73	65	67.0%	7	50.0%	4	2	10.5%	5	62.5%	177	7	3	3	\N	4	66.7%	16	53.3%	2	33.3%	3	2	1	20	1	3	0	158
149	https://www.fotmob.com/players/1509418/julian-mavilla	\N	\N	\N	\N	\N	\N	\N	\N	\N	\N	\N	\N	\N	\N	\N	\N	\N	\N	\N	\N	\N	\N	\N	\N	\N	\N	\N	\N	\N	\N	\N	\N	\N	\N	\N	\N	\N	\N	\N	\N	\N	\N	\N	\N	\N	\N	159
150	https://www.fotmob.com/en-GB/players/1645705/maximo-oses	\N	\N	\N	\N	\N	\N	\N	\N	\N	\N	\N	0	0.04	0.08	\N	1	1	0	0.13	10	52.6%	\N	\N	2	3	60.0%	1	25.0%	36	2	1	\N	\N	1	100.0%	3	33.3%	1	50.0%	\N	\N	2	1	\N	\N	0	160
151	https://www.fotmob.com/players/1652019/ramiro-hernandes	\N	\N	\N	\N	\N	\N	\N	\N	\N	\N	\N	0	0.16	0.08	\N	3	2	0	0.09	59	79.7%	2	100.0%	2	\N	\N	4	66.7%	117	6	5	2	\N	5	55.6%	16	51.6%	1	20.0%	1	\N	2	11	\N	2	1	161
152	https://www.fotmob.com/players/322965/lucas-zelarayan	\N	\N	\N	\N	\N	\N	\N	\N	\N	\N	\N	0	1.16	1.10	\N	19	5	2	2.76	326	80.9%	28	59.6%	28	27	37.0%	19	43.2%	650	21	14	26	\N	8	72.7%	60	50.8%	4	26.7%	2	9	6	41	7	3	0	162
153	https://www.fotmob.com/players/1670372/gonzalo-zelarayan	\N	\N	\N	\N	\N	\N	\N	\N	\N	\N	\N	\N	\N	\N	\N	\N	\N	\N	\N	\N	\N	\N	\N	\N	\N	\N	\N	\N	\N	\N	\N	\N	\N	\N	\N	\N	\N	\N	\N	\N	\N	\N	\N	\N	\N	\N	163
154	https://www.fotmob.com/players/129326/franco-jara	\N	\N	\N	\N	\N	\N	\N	\N	\N	\N	\N	2	4.08	3.68	\N	27	10	1	1.64	211	74.8%	9	60.0%	12	2	14.3%	12	36.4%	487	45	19	22	\N	7	70.0%	56	33.9%	12	25.5%	1	4	35	37	9	6	3	164
155	https://www.fotmob.com/players/564614/lucas-passerini	\N	\N	\N	\N	\N	\N	\N	\N	\N	\N	\N	0	1.64	0.51	\N	14	5	0	0.21	70	61.9%	1	25.0%	5	\N	\N	1	25.0%	224	32	13	7	\N	3	60.0%	32	36.4%	19	35.8%	\N	3	7	10	2	1	2	165
156	https://www.fotmob.com/players/864365/nicolas-fernandez	\N	\N	\N	\N	\N	\N	\N	\N	\N	\N	\N	0	\N	\N	\N	0	\N	0	\N	41	80.4%	4	66.7%	1	2	25.0%	1	33.3%	94	1	2	\N	\N	3	100.0%	5	50.0%	1	50.0%	2	\N	\N	4	\N	\N	0	166
157	https://www.fotmob.com/players/1104977/bryan-reyna	\N	\N	\N	\N	\N	\N	\N	\N	\N	\N	\N	0	0.54	\N	\N	3	1	0	0.28	89	75.4%	4	40.0%	6	3	30.0%	3	13.6%	221	14	6	6	\N	2	33.3%	23	33.8%	8	53.3%	5	\N	6	23	3	8	2	167
158	https://www.fotmob.com/players/1523550/jeremias-lucco	\N	\N	\N	\N	\N	\N	\N	\N	\N	\N	\N	\N	\N	\N	\N	\N	\N	\N	\N	\N	\N	\N	\N	\N	\N	\N	\N	\N	\N	\N	\N	\N	\N	\N	\N	\N	\N	\N	\N	\N	\N	\N	\N	\N	\N	\N	1208
159	https://www.fotmob.com/players/18702/enrique-bologna	\N	55	71.4%	22	0.76	5	1	11	\N	\N	\N	\N	\N	\N	\N	\N	\N	\N	\N	\N	69.8%	133	50.4%	\N	\N	\N	\N	\N	\N	\N	\N	\N	\N	\N	\N	\N	\N	\N	\N	\N	\N	\N	\N	\N	\N	2	289
160	https://www.fotmob.com/players/1343349/facundo-masuero	\N	0	\N	20	\N	8	0	\N	\N	\N	\N	\N	\N	\N	\N	\N	\N	\N	\N	\N	\N	\N	\N	\N	\N	\N	\N	\N	\N	\N	\N	\N	\N	\N	\N	\N	\N	\N	\N	\N	\N	\N	\N	\N	\N	5	290
161	https://www.fotmob.com/players/1496467/roberto-leon	\N	\N	\N	\N	\N	\N	\N	\N	\N	\N	\N	\N	\N	\N	\N	\N	\N	\N	\N	\N	\N	\N	\N	\N	\N	\N	\N	\N	\N	\N	\N	\N	\N	\N	\N	\N	\N	\N	\N	\N	\N	\N	\N	\N	\N	\N	291
162	https://www.fotmob.com/players/726435/facundo-quintana	\N	\N	\N	\N	\N	\N	\N	\N	\N	\N	\N	\N	\N	\N	\N	\N	\N	\N	\N	\N	\N	\N	\N	\N	\N	\N	\N	\N	\N	\N	\N	\N	\N	\N	\N	\N	\N	\N	\N	\N	\N	\N	\N	\N	\N	\N	292
163	https://www.fotmob.com/players/1216082	\N	\N	\N	\N	\N	\N	\N	\N	\N	\N	\N	1	0.37	0.55	\N	9	3	1	0.38	284	75.9%	17	42.5%	7	4	28.6%	11	61.1%	711	23	5	11	\N	29	72.5%	81	57.9%	19	50.0%	15	2	20	53	1	9	3	293
164	https://www.fotmob.com/players/1216361/lucas-souto	\N	\N	\N	\N	\N	\N	\N	\N	\N	\N	\N	0	0.11	\N	\N	3	\N	0	0.13	224	70.0%	11	28.2%	1	1	5.6%	5	35.7%	572	8	6	3	\N	12	70.6%	45	40.9%	20	41.7%	12	1	14	27	\N	8	2	294
165	https://www.fotmob.com/players/1509081/tobias-rubio	\N	\N	\N	\N	\N	\N	\N	\N	\N	\N	\N	0	0.21	0.04	\N	6	1	0	0.14	84	78.5%	5	41.7%	2	3	27.3%	2	33.3%	200	5	7	2	\N	9	90.0%	16	44.4%	2	25.0%	4	2	2	16	3	1	1	295
166	https://www.fotmob.com/players/209273/emanuel-aguilera	\N	\N	\N	\N	\N	\N	\N	\N	\N	\N	\N	0	0.09	0.07	\N	2	1	0	0.09	469	85.9%	51	59.3%	\N	\N	\N	\N	\N	660	3	1	4	\N	2	50.0%	51	64.6%	43	74.1%	7	\N	5	50	\N	7	1	296
167	https://www.fotmob.com/players/467965/rafael-delgado	\N	\N	\N	\N	\N	\N	\N	\N	\N	\N	\N	0	\N	\N	\N	0	\N	0	0.09	121	74.7%	17	37.8%	1	\N	\N	5	71.4%	234	\N	0	5	\N	4	50.0%	31	62.0%	13	54.2%	8	\N	4	22	\N	2	2	297
168	https://www.fotmob.com/players/675918/kevin-balanta	\N	\N	\N	\N	\N	\N	\N	\N	\N	\N	\N	0	\N	\N	\N	0	\N	0	0.01	179	89.9%	12	57.1%	\N	\N	\N	\N	\N	271	\N	1	2	\N	2	50.0%	18	42.9%	12	46.2%	7	\N	8	13	\N	1	2	1218
169	https://www.fotmob.com/players/1186690/agustin-sienra	\N	\N	\N	\N	\N	\N	\N	\N	\N	\N	\N	0	\N	\N	\N	0	\N	0	0.00	33	78.6%	\N	\N	\N	\N	\N	\N	\N	69	\N	0	\N	\N	2	40.0%	7	63.6%	2	66.7%	2	\N	1	4	\N	2	0	299
170	https://www.fotmob.com/players/1195910/lucas-ferreira	\N	\N	\N	\N	\N	\N	\N	\N	\N	\N	\N	1	0.21	0.68	\N	4	1	1	0.27	339	79.0%	32	42.7%	6	1	33.3%	4	66.7%	662	12	0	9	\N	15	62.5%	87	62.6%	50	61.7%	21	\N	10	41	\N	10	3	300
171	https://www.fotmob.com/players/1410456teban-lucero	\N	\N	\N	\N	\N	\N	\N	\N	\N	\N	\N	\N	\N	\N	\N	\N	\N	\N	\N	\N	\N	\N	\N	\N	\N	\N	\N	\N	\N	\N	\N	\N	\N	\N	\N	\N	\N	\N	\N	\N	\N	\N	\N	\N	\N	\N	1221
172	https://www.fotmob.com/players/147564/damian-perez	\N	\N	\N	\N	\N	\N	\N	\N	\N	\N	\N	0	0.09	\N	\N	1	\N	0	0.03	69	75.0%	2	22.2%	1	\N	\N	\N	\N	144	1	1	2	\N	1	25.0%	11	64.7%	5	71.4%	6	\N	\N	12	\N	2	0	302
173	https://www.fotmob.com/players/693430/alexis-soto	\N	\N	\N	\N	\N	\N	\N	\N	\N	\N	\N	0	0.34	0.09	\N	11	2	3	0.85	475	77.1%	59	51.3%	16	13	21.3%	16	64.0%	1,034	7	11	8	\N	23	71.9%	70	51.1%	14	48.3%	23	6	11	103	2	22	1	303
174	https://www.fotmob.com/players/1230316/ignacio-galvan	\N	\N	\N	\N	\N	\N	\N	\N	\N	\N	\N	0	0.13	0.10	\N	3	1	0	0.15	99	62.3%	9	31.0%	\N	4	13.8%	4	23.5%	321	9	4	4	\N	6	60.0%	30	42.3%	12	57.1%	2	\N	7	20	3	8	1	304
175	https://www.fotmob.com/players/905265/kevin-gutierrez	\N	\N	\N	\N	\N	\N	\N	\N	\N	\N	\N	0	0.46	0.60	\N	16	4	1	1.12	628	81.1%	71	51.4%	13	3	27.3%	9	52.9%	973	2	6	8	\N	5	29.4%	35	47.9%	1	12.5%	18	3	10	95	2	8	4	305
176	https://www.fotmob.com/players/1293954/maximiliano-gonz%C3%A1lez	\N	\N	\N	\N	\N	\N	\N	\N	\N	\N	\N	0	0.02	\N	\N	1	\N	0	0.16	109	76.8%	6	46.2%	3	\N	\N	3	75.0%	207	2	4	6	\N	10	83.3%	28	53.8%	7	43.8%	6	\N	10	19	2	1	0	306
177	https://www.fotmob.com/players/1338317/cesar-perez	\N	\N	\N	\N	\N	\N	\N	\N	\N	\N	\N	1	0.89	0.51	\N	12	3	0	0.37	372	84.0%	20	74.1%	8	\N	\N	9	69.2%	591	13	12	7	1	9	64.3%	47	43.1%	17	56.7%	8	3	18	54	5	16	1	307
178	https://www.fotmob.com/players/1607551/benjamin-schamine	\N	\N	\N	\N	\N	\N	\N	\N	\N	\N	\N	0	0.37	\N	\N	4	\N	2	0.17	108	75.5%	6	46.2%	3	\N	\N	1	50.0%	227	9	4	6	\N	6	42.9%	27	50.0%	6	50.0%	4	2	7	27	\N	9	3	308
179	https://www.fotmob.com/players/958860/santiago-sosa	\N	\N	\N	\N	\N	\N	\N	\N	\N	\N	\N	0	0.51	0.27	\N	9	2	1	0.29	412	81.7%	32	54.2%	3	\N	\N	1	20.0%	682	12	4	5	\N	17	63.0%	84	57.5%	51	63.0%	32	3	21	48	1	6	2	309
180	https://www.fotmob.com/players/1028265/lucas-gonzalez	\N	\N	\N	\N	\N	\N	\N	\N	\N	\N	\N	\N	\N	\N	\N	\N	\N	\N	\N	\N	\N	\N	\N	\N	\N	\N	\N	\N	\N	\N	\N	\N	\N	\N	\N	\N	\N	\N	\N	\N	\N	\N	\N	\N	\N	\N	310
181	https://www.fotmob.com/players/1186691/valentin-larralde	\N	\N	\N	\N	\N	\N	\N	\N	\N	\N	\N	0	0.04	\N	\N	1	\N	0	0.17	44	78.6%	3	50.0%	2	\N	\N	1	100.0%	72	\N	0	3	\N	\N	\N	4	50.0%	\N	\N	1	1	2	6	\N	\N	1	311
182	https://www.fotmob.com/players/1128740/augustin-hausch	\N	\N	\N	\N	\N	\N	\N	\N	\N	\N	\N	\N	\N	\N	\N	\N	\N	\N	\N	\N	\N	\N	\N	\N	\N	\N	\N	\N	\N	\N	\N	\N	\N	\N	\N	\N	\N	\N	\N	\N	\N	\N	\N	\N	\N	\N	312
183	https://www.fotmob.com/players/609985/david-barbona	\N	\N	\N	\N	\N	\N	\N	\N	\N	\N	\N	0	0.33	0.25	\N	6	6	0	0.67	94	78.3%	6	75.0%	7	4	30.8%	2	33.3%	169	2	1	8	\N	1	100.0%	12	54.5%	1	20.0%	\N	\N	\N	5	\N	1	0	1233
184	https://www.fotmob.com/players/1186693/aaron-molinas	\N	\N	\N	\N	\N	\N	\N	\N	\N	\N	\N	2	0.89	2.01	\N	14	5	1	1.63	381	84.1%	27	69.2%	21	11	32.4%	15	83.3%	626	13	16	7	\N	9	60.0%	42	46.2%	5	23.8%	3	4	12	41	7	3	2	314
185	https://www.fotmob.com/players/693199/matias-sosa	\N	\N	\N	\N	\N	\N	\N	\N	\N	\N	\N	\N	\N	\N	\N	\N	\N	\N	\N	\N	\N	\N	\N	\N	\N	\N	\N	\N	\N	\N	\N	\N	\N	\N	\N	\N	\N	\N	\N	\N	\N	\N	\N	\N	\N	\N	315
186	https://www.fotmob.com/players/748843/francisco-gonzalez-metilli	\N	\N	\N	\N	\N	\N	\N	\N	\N	\N	\N	0	0.38	0.03	\N	8	1	1	0.77	309	81.1%	15	48.4%	8	2	11.1%	10	58.8%	535	12	8	6	\N	16	66.7%	47	48.0%	7	36.8%	8	2	15	41	5	10	0	1236
187	https://www.fotmob.com/players/1097860/matias-miranda	\N	\N	\N	\N	\N	\N	\N	\N	\N	\N	\N	1	0.43	0.80	\N	4	1	0	0.28	84	78.5%	7	58.3%	4	2	22.2%	7	58.3%	177	5	3	4	\N	4	50.0%	19	59.4%	\N	\N	1	2	1	11	1	\N	0	317
188	https://www.fotmob.com/players/1280806/nicolas-palavecino	\N	\N	\N	\N	\N	\N	\N	\N	\N	\N	\N	0	0.05	\N	\N	1	\N	0	0.02	31	88.6%	\N	\N	1	\N	\N	1	33.3%	55	1	0	1	\N	6	100.0%	9	50.0%	1	25.0%	\N	1	3	9	\N	1	0	318
189	https://www.fotmob.com/players/832164/gaston-togni	\N	\N	\N	\N	\N	\N	\N	\N	\N	\N	\N	5	1.58	3.01	\N	33	14	1	0.91	165	76.0%	4	57.1%	16	18	34.0%	10	62.5%	413	38	16	8	\N	2	40.0%	29	43.3%	6	37.5%	4	7	3	27	8	3	1	319
190	https://www.fotmob.com/players/369771/gaston-gonzalez	\N	\N	\N	\N	\N	\N	\N	\N	\N	\N	\N	\N	\N	\N	\N	\N	\N	\N	\N	\N	\N	\N	\N	\N	\N	\N	\N	\N	\N	\N	\N	\N	\N	\N	\N	\N	\N	\N	\N	\N	\N	\N	\N	\N	\N	\N	320
191	https://www.fotmob.com/players/1432878/matias-ramirez	\N	\N	\N	\N	\N	\N	\N	\N	\N	\N	\N	0	0.29	0.26	\N	6	2	1	0.85	65	67.0%	6	75.0%	6	2	11.1%	3	33.3%	198	16	5	6	\N	6	60.0%	26	38.2%	7	41.2%	2	2	15	23	1	6	2	321
192	https://www.fotmob.com/players/1709094/uriel-la-roza	\N	\N	\N	\N	\N	\N	\N	\N	\N	\N	\N	\N	\N	\N	\N	\N	\N	\N	\N	\N	\N	\N	\N	\N	\N	\N	\N	\N	\N	\N	\N	\N	\N	\N	\N	\N	\N	\N	\N	\N	\N	\N	\N	\N	\N	\N	322
193	https://www.fotmob.com/players/1107747/juan-bautista-miritello	\N	\N	\N	\N	\N	\N	\N	\N	\N	\N	\N	4	3.41	4.45	\N	16	8	0	0.11	102	67.5%	4	80.0%	1	\N	\N	3	60.0%	225	27	7	5	\N	2	50.0%	41	51.2%	30	62.5%	\N	1	12	16	2	1	1	323
194	https://www.fotmob.com/players/1343195/abiel-osorio	\N	\N	\N	\N	\N	\N	\N	\N	\N	\N	\N	2	2.75	1.20	\N	26	5	0	0.19	114	67.1%	3	37.5%	3	1	20.0%	9	45.0%	339	51	16	9	\N	2	100.0%	45	30.2%	25	28.1%	1	9	15	11	5	\N	2	324
195	https://www.fotmob.com/players/844389/luis-ingolotti	\N	7	50.0%	7	0.07	0	1	1	\N	\N	\N	\N	\N	\N	\N	\N	\N	\N	\N	\N	67.2%	12	36.4%	\N	\N	\N	\N	\N	\N	\N	\N	\N	\N	\N	\N	\N	\N	\N	\N	\N	\N	\N	\N	\N	\N	0	360
196	https://www.fotmob.com/players/955209/nelson-insfran	\N	37	77.1%	11	3.96	6	0	13	\N	\N	\N	\N	\N	\N	\N	\N	\N	\N	\N	\N	58.8%	89	39.2%	\N	\N	\N	\N	\N	\N	\N	\N	\N	\N	\N	\N	\N	\N	\N	\N	\N	\N	\N	\N	\N	\N	2	361
197	https://www.fotmob.com/players/799678/juan-pintado	\N	\N	\N	\N	\N	\N	\N	\N	\N	\N	\N	0	0.44	0.02	\N	10	1	1	3.23	332	70.2%	30	37.0%	31	41	32.0%	13	44.8%	966	10	19	11	\N	19	57.6%	72	51.1%	15	51.7%	12	1	10	73	6	10	3	362
198	https://www.fotmob.com/players/1661690/fabricio-corbalan	\N	\N	\N	\N	\N	\N	\N	\N	\N	\N	\N	0	0.05	\N	\N	2	\N	0	0.13	63	62.4%	6	25.0%	3	2	10.5%	7	50.0%	199	3	2	2	\N	6	75.0%	20	54.1%	3	50.0%	3	\N	3	16	2	2	1	363
199	https://www.fotmob.com/players/529109/gaston-suso	\N	\N	\N	\N	\N	\N	\N	\N	\N	\N	\N	0	0.27	0.11	\N	6	3	0	0.08	349	82.1%	44	51.8%	\N	\N	\N	\N	\N	653	10	2	8	\N	14	70.0%	72	69.2%	44	74.6%	19	\N	10	32	\N	8	6	364
200	https://www.fotmob.com/players/795485/leonardo-morales	\N	\N	\N	\N	\N	\N	\N	\N	\N	\N	\N	1	0.24	1.53	\N	6	3	0	0.17	455	81.2%	45	46.4%	3	\N	\N	4	100.0%	811	10	1	10	\N	13	59.1%	69	55.6%	33	53.2%	24	1	15	62	\N	10	3	365
201	https://www.fotmob.com/players/951841/enzo-martinez	\N	\N	\N	\N	\N	\N	\N	\N	\N	\N	\N	0	0.05	0.05	\N	3	1	0	0.10	259	68.9%	37	38.5%	2	2	50.0%	2	100.0%	540	4	0	6	\N	23	82.1%	61	60.4%	25	56.8%	18	1	17	52	1	6	2	1251
202	https://www.fotmob.com/players/1208736/renzo-giampaoli	\N	\N	\N	\N	\N	\N	\N	\N	\N	\N	\N	0	0.01	\N	\N	1	\N	0	0.03	102	78.5%	11	47.8%	1	\N	\N	1	100.0%	195	1	0	2	\N	4	50.0%	23	63.9%	12	66.7%	2	\N	6	8	\N	1	1	367
203	https://www.fotmob.com/players/1608138/juan-cortazzo	\N	\N	\N	\N	\N	\N	\N	\N	\N	\N	\N	0	0.11	0.22	\N	2	1	0	0.02	80	64.0%	13	33.3%	\N	\N	\N	1	100.0%	170	4	0	1	\N	5	62.5%	18	50.0%	8	47.1%	3	\N	9	7	\N	2	1	368
204	https://www.fotmob.com/players/1727696/juan-villalba	\N	\N	\N	\N	\N	\N	\N	\N	\N	\N	\N	\N	\N	\N	\N	\N	\N	\N	\N	\N	\N	\N	\N	\N	\N	\N	\N	\N	\N	\N	\N	\N	\N	\N	\N	\N	\N	\N	\N	\N	\N	\N	\N	\N	\N	\N	369
205	https://www.fotmob.com/players/723677/pedro-silva-torrejon	\N	\N	\N	\N	\N	\N	\N	\N	\N	\N	\N	0	0.60	0.62	\N	11	4	0	1.24	310	77.5%	19	35.2%	19	20	29.9%	7	46.7%	829	19	7	14	\N	14	53.8%	59	57.3%	13	56.5%	24	1	11	66	2	9	0	370
206	https://www.fotmob.com/players/919156/matias-melluso	\N	\N	\N	\N	\N	\N	\N	\N	\N	\N	\N	\N	\N	\N	\N	\N	\N	\N	\N	\N	\N	\N	\N	\N	\N	\N	\N	\N	\N	\N	\N	\N	\N	\N	\N	\N	\N	\N	\N	\N	\N	\N	\N	\N	\N	\N	371
207	https://www.fotmob.com/players/130118/pablo-de-blasis	\N	\N	\N	\N	\N	\N	\N	\N	\N	\N	\N	1	0.88	0.99	\N	3	1	0	0.42	305	80.5%	38	62.3%	7	4	16.7%	4	33.3%	544	8	12	10	\N	12	48.0%	51	47.2%	12	54.5%	13	1	15	39	1	15	3	372
208	https://www.fotmob.com/players/1700566/facundo-di-biasi	\N	\N	\N	\N	\N	\N	\N	\N	\N	\N	\N	0	0.31	\N	\N	10	\N	0	0.30	336	82.8%	47	71.2%	6	3	50.0%	5	41.7%	544	5	4	9	\N	11	68.8%	42	47.7%	13	61.9%	13	6	17	46	2	10	4	373
209	https://www.fotmob.com/players/166509/lucas-nahuel-castro	\N	\N	\N	\N	\N	\N	\N	\N	\N	\N	\N	1	1.23	1.32	\N	14	5	1	1.37	305	70.6%	25	50.0%	15	5	27.8%	24	53.3%	669	35	10	17	\N	10	50.0%	71	50.7%	12	57.1%	5	2	25	72	8	6	5	374
210	https://www.fotmob.com/players/439179/junior-moreno	\N	\N	\N	\N	\N	\N	\N	\N	\N	\N	\N	0	\N	\N	\N	0	\N	0	0.02	26	76.5%	2	66.7%	1	\N	\N	\N	\N	47	\N	2	\N	\N	1	100.0%	3	21.4%	2	33.3%	\N	\N	4	5	\N	1	1	375
211	https://www.fotmob.com/players/793799/augusto-max	\N	\N	\N	\N	\N	\N	\N	\N	\N	\N	\N	\N	\N	\N	\N	\N	\N	\N	\N	\N	\N	\N	\N	\N	\N	\N	\N	\N	\N	\N	\N	\N	\N	\N	\N	\N	\N	\N	\N	\N	\N	\N	\N	\N	\N	\N	376
212	https://www.fotmob.com/players/1302813/martin-fernandez	\N	\N	\N	\N	\N	\N	\N	\N	\N	\N	\N	\N	\N	\N	\N	\N	\N	\N	\N	\N	\N	\N	\N	\N	\N	\N	\N	\N	\N	\N	\N	\N	\N	\N	\N	\N	\N	\N	\N	\N	\N	\N	\N	\N	\N	\N	377
213	https://www.fotmob.com/players/1212145/nicolas-garayalde	\N	\N	\N	\N	\N	\N	\N	\N	\N	\N	\N	1	0.31	0.68	\N	6	2	0	0.39	131	85.1%	11	61.1%	1	\N	\N	\N	\N	211	3	1	2	\N	8	44.4%	24	61.5%	4	57.1%	6	1	5	14	\N	6	2	378
214	https://www.fotmob.com/players/1231927/leandro-mamut	\N	\N	\N	\N	\N	\N	\N	\N	\N	\N	\N	0	0.18	\N	\N	5	\N	0	0.11	58	72.5%	1	100.0%	1	3	33.3%	9	64.3%	147	4	5	1	\N	5	55.6%	20	51.3%	1	12.5%	2	2	1	11	\N	1	0	379
215	https://www.fotmob.com/players/1436221/alan-sosa	\N	\N	\N	\N	\N	\N	\N	\N	\N	\N	\N	0	1.41	1.09	\N	16	3	0	0.49	181	75.4%	13	59.1%	6	4	12.1%	13	54.2%	424	24	10	2	\N	14	63.6%	44	50.0%	7	50.0%	7	5	5	52	8	11	0	380
216	https://www.fotmob.com/players/1712442/santiago-villarreal	\N	\N	\N	\N	\N	\N	\N	\N	\N	\N	\N	\N	\N	\N	\N	\N	\N	\N	\N	\N	\N	\N	\N	\N	\N	\N	\N	\N	\N	\N	\N	\N	\N	\N	\N	\N	\N	\N	\N	\N	\N	\N	\N	\N	\N	\N	381
217	https://www.fotmob.com/players/1206551/manuel-panaro	\N	\N	\N	\N	\N	\N	\N	\N	\N	\N	\N	0	0.48	0.18	\N	9	1	0	0.89	43	57.3%	1	12.5%	5	7	36.8%	5	45.5%	180	14	5	5	\N	6	75.0%	28	45.9%	10	45.5%	5	1	11	16	4	1	1	382
218	https://www.fotmob.com/players/1244636/alejandro-piedrahita	\N	\N	\N	\N	\N	\N	\N	\N	\N	\N	\N	0	0.45	0.33	\N	10	4	0	0.54	139	73.5%	7	50.0%	6	8	29.6%	10	50.0%	319	22	5	8	\N	8	88.9%	31	47.0%	4	36.4%	4	4	3	25	2	10	2	383
219	https://www.fotmob.com/players/740126/bautista-merlini	\N	\N	\N	\N	\N	\N	\N	\N	\N	\N	\N	0	0.24	\N	\N	3	\N	2	0.95	175	84.1%	2	66.7%	5	\N	\N	7	46.7%	309	13	12	16	\N	7	77.8%	33	44.6%	1	10.0%	2	\N	8	39	4	6	3	384
220	https://www.fotmob.com/players/788656/norberto-briasco	\N	\N	\N	\N	\N	\N	\N	\N	\N	\N	\N	0	0.57	0.40	\N	4	2	0	0.12	28	66.7%	1	25.0%	\N	1	50.0%	1	50.0%	86	7	2	4	\N	5	83.3%	20	48.8%	9	42.9%	3	\N	3	7	1	3	1	385
221	https://www.fotmob.com/players/988189/franco-torres	\N	\N	\N	\N	\N	\N	\N	\N	\N	\N	\N	\N	\N	\N	\N	\N	\N	\N	\N	\N	\N	\N	\N	\N	\N	\N	\N	\N	\N	\N	\N	\N	\N	\N	\N	\N	\N	\N	\N	\N	\N	\N	\N	\N	\N	\N	386
222	https://www.fotmob.com/players/1748952/jorge-de-asis	\N	\N	\N	\N	\N	\N	\N	\N	\N	\N	\N	\N	\N	\N	\N	\N	\N	\N	\N	\N	\N	\N	\N	\N	\N	\N	\N	\N	\N	\N	\N	\N	\N	\N	\N	\N	\N	\N	\N	\N	\N	\N	\N	\N	\N	\N	387
223	https://www.fotmob.com/players/776012/jan-hurtado	\N	\N	\N	\N	\N	\N	\N	\N	\N	\N	\N	0	1.16	0.52	\N	13	1	0	0.17	45	73.8%	1	50.0%	2	\N	\N	7	46.7%	149	21	11	11	\N	1	33.3%	35	41.2%	14	40.0%	1	6	10	8	2	1	2	388
224	https://www.fotmob.com/players/1215721/ivo-mammini	\N	\N	\N	\N	\N	\N	\N	\N	\N	\N	\N	\N	\N	\N	\N	\N	\N	\N	\N	\N	\N	\N	\N	\N	\N	\N	\N	\N	\N	\N	\N	\N	\N	\N	\N	\N	\N	\N	\N	\N	\N	\N	\N	\N	\N	\N	389
225	https://www.fotmob.com/players/1336919/rodrigo-castillo	\N	\N	\N	\N	\N	\N	\N	\N	\N	\N	\N	4	4.49	4.79	\N	37	9	0	0.64	234	69.0%	3	50.0%	16	1	16.7%	14	37.8%	610	74	23	19	\N	8	66.7%	108	42.9%	63	47.4%	1	9	26	40	12	2	2	390
226	https://www.fotmob.com/players/1661689/jeremias-merlo	\N	\N	\N	\N	\N	\N	\N	\N	\N	\N	\N	\N	\N	\N	\N	\N	\N	\N	\N	\N	\N	\N	\N	\N	\N	\N	\N	\N	\N	\N	\N	\N	\N	\N	\N	\N	\N	\N	\N	\N	\N	\N	\N	\N	\N	\N	391
227	https://www.fotmob.com/players/1666804/santino-primante	\N	\N	\N	\N	\N	\N	\N	\N	\N	\N	\N	0	0.35	0.85	\N	6	3	1	0.16	33	70.2%	\N	\N	2	1	20.0%	\N	\N	114	13	2	7	\N	2	50.0%	18	34.0%	7	31.8%	1	2	6	12	2	1	1	392
228	https://www.fotmob.com/players/534730/roberto-ramirez	\N	\N	\N	\N	\N	\N	\N	\N	\N	\N	\N	\N	\N	\N	\N	\N	\N	\N	\N	\N	\N	\N	\N	\N	\N	\N	\N	\N	\N	\N	\N	\N	\N	\N	\N	\N	\N	\N	\N	\N	\N	\N	\N	\N	\N	\N	394
229	https://www.fotmob.com/players/847978/franco-petroli	\N	48	72.7%	18	1.15	7	0	27	\N	\N	\N	\N	\N	\N	\N	\N	\N	\N	\N	\N	60.0%	154	43.1%	\N	\N	\N	\N	\N	\N	\N	\N	\N	\N	\N	\N	\N	\N	\N	\N	\N	\N	\N	\N	\N	\N	1	395
230	https://www.fotmob.com/players/1520958/edilson-salinas	\N	\N	\N	\N	\N	\N	\N	\N	\N	\N	\N	\N	\N	\N	\N	\N	\N	\N	\N	\N	\N	\N	\N	\N	\N	\N	\N	\N	\N	\N	\N	\N	\N	\N	\N	\N	\N	\N	\N	\N	\N	\N	\N	\N	\N	\N	396
231	https://www.fotmob.com/players/175357/leonardo-jara	\N	\N	\N	\N	\N	\N	\N	\N	\N	\N	\N	0	0.02	\N	\N	1	\N	0	0.05	82	61.2%	10	26.3%	1	\N	\N	2	100.0%	292	\N	3	8	\N	10	76.9%	30	61.2%	7	50.0%	11	\N	6	22	\N	3	1	1281
232	https://www.fotmob.com/players/1045037/lucas-arce	\N	\N	\N	\N	\N	\N	\N	\N	\N	\N	\N	0	0.33	0.07	\N	9	1	1	1.18	246	71.7%	9	22.5%	18	10	27.8%	4	57.1%	627	7	5	5	\N	11	40.7%	46	47.4%	10	41.7%	8	6	11	35	1	19	1	398
233	https://www.fotmob.com/players/1362875/facundo-ardiles	\N	\N	\N	\N	\N	\N	\N	\N	\N	\N	\N	\N	\N	\N	\N	\N	\N	\N	\N	\N	\N	\N	\N	\N	\N	\N	\N	\N	\N	\N	\N	\N	\N	\N	\N	\N	\N	\N	\N	\N	\N	\N	\N	\N	\N	\N	399
234	https://www.fotmob.com/players/1520183/francisco-facello	\N	\N	\N	\N	\N	\N	\N	\N	\N	\N	\N	0	\N	\N	\N	0	\N	0	0.08	68	66.7%	6	42.9%	2	\N	\N	2	50.0%	217	2	1	10	\N	11	68.8%	31	66.0%	3	37.5%	4	\N	4	18	1	4	3	400
235	https://www.fotmob.com/players/848620/federico-rasmussen	\N	\N	\N	\N	\N	\N	\N	\N	\N	\N	\N	0	0.28	\N	\N	6	\N	0	0.04	356	80.0%	27	41.5%	1	\N	\N	6	75.0%	679	5	3	9	\N	15	68.2%	78	69.0%	41	71.9%	21	1	10	52	\N	4	2	401
236	https://www.fotmob.com/players/1315604/leandro-quiroz	\N	\N	\N	\N	\N	\N	\N	\N	\N	\N	\N	0	0.01	\N	\N	1	\N	0	0.01	16	69.6%	4	40.0%	\N	\N	\N	\N	\N	32	1	0	\N	\N	\N	\N	4	57.1%	4	66.7%	\N	\N	\N	2	\N	1	0	402
237	https://www.fotmob.com/players/1365420/tomas-daniel-rossi	\N	\N	\N	\N	\N	\N	\N	\N	\N	\N	\N	0	\N	\N	\N	0	\N	0	0.01	119	80.4%	12	44.4%	\N	\N	\N	\N	\N	182	1	0	\N	\N	1	50.0%	12	40.0%	10	50.0%	4	\N	4	10	\N	4	0	403
238	https://www.fotmob.com/players/1436206/mateo-mendoza	\N	\N	\N	\N	\N	\N	\N	\N	\N	\N	\N	0	0.22	0.08	\N	4	1	0	0.07	392	79.2%	42	36.5%	2	\N	\N	10	76.9%	726	6	5	15	\N	15	68.2%	74	58.7%	27	58.7%	14	\N	16	62	\N	9	6	404
239	https://www.fotmob.com/players/1436207/manuel-agustin-villalobos	\N	\N	\N	\N	\N	\N	\N	\N	\N	\N	\N	\N	\N	\N	\N	\N	\N	\N	\N	\N	\N	\N	\N	\N	\N	\N	\N	\N	\N	\N	\N	\N	\N	\N	\N	\N	\N	\N	\N	\N	\N	\N	\N	\N	\N	\N	405
240	https://www.fotmob.com/players/1696058/geronimo-montivero	\N	\N	\N	\N	\N	\N	\N	\N	\N	\N	\N	\N	\N	\N	\N	\N	\N	\N	\N	\N	\N	\N	\N	\N	\N	\N	\N	\N	\N	\N	\N	\N	\N	\N	\N	\N	\N	\N	\N	\N	\N	\N	\N	\N	\N	\N	406
241	https://www.fotmob.com/players/1748932/matias-funes	\N	\N	\N	\N	\N	\N	\N	\N	\N	\N	\N	0	\N	\N	\N	0	\N	0	\N	25	62.5%	1	10.0%	\N	\N	\N	\N	\N	55	\N	0	1	\N	1	100.0%	7	53.8%	5	50.0%	\N	\N	1	3	\N	\N	0	407
242	https://www.fotmob.com/players/1296305/juan-andres-meli	\N	\N	\N	\N	\N	\N	\N	\N	\N	\N	\N	0	0.06	\N	\N	4	\N	0	0.68	223	68.8%	19	32.2%	3	1	8.3%	6	50.0%	616	6	8	11	\N	17	65.4%	51	44.3%	8	36.4%	19	2	20	39	2	17	5	408
243	https://www.fotmob.com/players/1681472/juan-moran	\N	\N	\N	\N	\N	\N	\N	\N	\N	\N	\N	0	0.06	\N	\N	2	\N	0	0.02	62	66.0%	4	21.1%	1	\N	\N	3	37.5%	235	1	3	\N	\N	8	50.0%	21	50.0%	2	40.0%	3	\N	8	13	\N	2	0	409
244	https://www.fotmob.com/players/1211623/vicente-poggi	\N	\N	\N	\N	\N	\N	\N	\N	\N	\N	\N	0	0.67	0.15	\N	11	2	0	0.21	302	78.9%	24	45.3%	4	1	25.0%	2	25.0%	528	8	7	6	\N	23	60.5%	56	48.3%	10	43.5%	13	2	21	72	3	13	3	410
245	https://www.fotmob.com/players/1463753/agustin-valverde	\N	\N	\N	\N	\N	\N	\N	\N	\N	\N	\N	\N	\N	\N	\N	\N	\N	\N	\N	\N	\N	\N	\N	\N	\N	\N	\N	\N	\N	\N	\N	\N	\N	\N	\N	\N	\N	\N	\N	\N	\N	\N	\N	\N	\N	\N	411
246	https://www.fotmob.com/players/1230664/gonzalo-abrego	\N	\N	\N	\N	\N	\N	\N	\N	\N	\N	\N	0	0.77	0.38	\N	18	5	0	1.00	297	73.3%	33	57.9%	20	17	38.6%	11	61.1%	610	7	9	5	\N	14	60.9%	72	52.9%	33	56.9%	4	6	10	62	5	13	2	412
247	https://www.fotmob.com/players/1277904/bruno-sosa	\N	\N	\N	\N	\N	\N	\N	\N	\N	\N	\N	0	0.10	\N	\N	5	\N	0	0.53	390	75.1%	42	42.9%	6	3	75.0%	3	60.0%	674	1	5	7	\N	14	73.7%	51	54.3%	22	88.0%	16	1	11	78	\N	22	3	413
248	https://www.fotmob.com/players/1435011/mariano-santiago	\N	\N	\N	\N	\N	\N	\N	\N	\N	\N	\N	0	0.01	\N	\N	1	\N	0	0.04	39	86.7%	2	66.7%	4	\N	\N	\N	\N	68	2	4	\N	\N	\N	\N	2	15.4%	1	33.3%	1	1	1	2	\N	2	0	414
249	https://www.fotmob.com/players/630937/juan-perez	\N	\N	\N	\N	\N	\N	\N	\N	\N	\N	\N	\N	\N	\N	\N	\N	\N	\N	\N	\N	53.5%	31	34.8%	\N	\N	\N	\N	\N	\N	\N	\N	\N	\N	\N	\N	\N	\N	\N	\N	\N	\N	\N	\N	\N	\N	0	1299
250	https://www.fotmob.com/players/1680167/santiago-martinez	\N	\N	\N	\N	\N	\N	\N	\N	\N	\N	\N	\N	\N	\N	\N	\N	\N	\N	\N	\N	\N	\N	\N	\N	\N	\N	\N	\N	\N	\N	\N	\N	\N	\N	\N	\N	\N	\N	\N	\N	\N	\N	\N	\N	\N	\N	416
251	https://www.fotmob.com/players/864365/nicolas-fernandez	\N	\N	\N	\N	\N	\N	\N	\N	\N	\N	\N	0	\N	\N	\N	0	\N	0	\N	41	80.4%	4	66.7%	1	2	25.0%	1	33.3%	94	1	2	\N	\N	3	100.0%	5	50.0%	1	50.0%	2	\N	\N	4	\N	\N	0	417
252	https://www.fotmob.com/players/1209106/tomas-pozzo	\N	\N	\N	\N	\N	\N	\N	\N	\N	\N	\N	0	0.06	0.07	\N	2	1	0	0.76	102	90.3%	6	66.7%	11	6	33.3%	5	50.0%	181	7	9	8	\N	1	25.0%	19	43.2%	2	50.0%	\N	\N	7	8	1	2	0	418
253	https://www.fotmob.com/players/1200040/assist-matias-gonzalez	\N	\N	\N	\N	\N	\N	\N	\N	\N	\N	\N	\N	\N	\N	\N	\N	\N	\N	\N	\N	\N	\N	\N	\N	\N	\N	\N	\N	\N	\N	\N	\N	\N	\N	\N	\N	\N	\N	\N	\N	\N	\N	\N	\N	\N	\N	419
254	https://www.fotmob.com/players/1288591/assist-facundo-altamira	\N	\N	\N	\N	\N	\N	\N	\N	\N	\N	\N	1	0.19	0.36	\N	6	1	0	0.09	77	82.8%	\N	\N	5	3	16.7%	19	59.4%	227	14	12	5	\N	6	85.7%	33	45.2%	2	25.0%	2	\N	10	25	1	1	1	420
255	https://www.fotmob.com/players/830063/juan-cejas	\N	\N	\N	\N	\N	\N	\N	\N	\N	\N	\N	0	\N	\N	\N	0	\N	0	0.02	13	56.5%	\N	\N	1	\N	\N	\N	\N	37	\N	0	1	\N	2	66.7%	5	35.7%	1	20.0%	\N	\N	3	5	1	1	0	421
256	https://www.fotmob.com/players/950923/bastian-yanez	\N	\N	\N	\N	\N	\N	\N	\N	\N	\N	\N	0	0.30	\N	\N	8	\N	1	0.53	180	85.7%	12	85.7%	11	9	20.9%	3	50.0%	356	7	9	10	\N	12	66.7%	32	57.1%	1	16.7%	7	2	4	37	6	4	2	422
257	https://www.fotmob.com/players/1401243/daniel-barrea	\N	\N	\N	\N	\N	\N	\N	\N	\N	\N	\N	0	1.50	1.44	\N	15	3	0	0.38	69	67.6%	2	25.0%	5	4	44.4%	5	41.7%	204	13	8	9	\N	4	50.0%	38	44.7%	16	44.4%	3	4	12	16	2	2	3	423
258	https://www.fotmob.com/players/1680164/santino-andino-valencia	\N	\N	\N	\N	\N	\N	\N	\N	\N	\N	\N	2	0.68	1.44	\N	10	6	0	0.53	68	66.7%	1	33.3%	4	2	8.3%	15	37.5%	290	17	10	18	\N	10	58.8%	51	42.9%	1	9.1%	5	2	17	26	6	7	3	424
259	https://www.fotmob.com/players/1497830/luciano-pascual	\N	\N	\N	\N	\N	\N	\N	\N	\N	\N	\N	0	0.03	0.06	\N	2	1	0	0.02	45	81.8%	2	66.7%	1	\N	\N	4	80.0%	87	1	6	1	\N	1	100.0%	7	31.8%	1	12.5%	1	\N	\N	13	1	1	1	425
260	https://www.fotmob.com/players/856200/agustin-auzmendi	\N	\N	\N	\N	\N	\N	\N	\N	\N	\N	\N	1	1.38	0.76	\N	13	3	0	0.04	33	60.0%	\N	\N	2	\N	\N	1	50.0%	98	20	3	3	\N	1	100.0%	23	47.9%	19	52.8%	\N	2	1	4	2	3	0	426
261	https://www.fotmob.com/players/1200027/luca-martinez-dupuy	\N	\N	\N	\N	\N	\N	\N	\N	\N	\N	\N	2	1.83	2.36	\N	18	7	0	0.07	66	67.3%	2	100.0%	\N	\N	\N	4	44.4%	205	26	14	14	\N	3	100.0%	40	41.2%	19	38.8%	\N	4	8	17	1	3	1	427
262	https://www.fotmob.com/players/1216428/silvio-ulariaga	\N	\N	\N	\N	\N	\N	\N	\N	\N	\N	\N	2	2.18	1.43	\N	10	5	0	0.11	47	73.4%	\N	\N	5	\N	\N	2	100.0%	123	27	1	9	\N	\N	\N	19	46.3%	8	30.8%	\N	\N	3	5	2	\N	0	1312
263	https://www.fotmob.com/players/1509811/kevin-parzajuk	\N	\N	\N	\N	\N	\N	\N	\N	\N	\N	\N	0	0.27	0.06	\N	8	1	1	0.15	65	54.6%	\N	\N	6	1	25.0%	3	25.0%	216	23	16	3	\N	1	20.0%	38	33.9%	27	42.9%	2	4	12	10	1	1	0	429
264	https://www.fotmob.com/players/158787/gonzalo-marinelli	\N	\N	\N	\N	\N	\N	\N	\N	\N	\N	\N	\N	\N	\N	\N	\N	\N	\N	\N	\N	\N	\N	\N	\N	\N	\N	\N	\N	\N	\N	\N	\N	\N	\N	\N	\N	\N	\N	\N	\N	\N	\N	\N	\N	\N	\N	465
265	https://www.fotmob.com/players/971901/ezequiel-centurion	\N	55	75.3%	18	1.11	6	1	18	\N	\N	\N	\N	\N	\N	\N	\N	\N	\N	\N	\N	51.6%	103	33.1%	\N	\N	\N	\N	\N	\N	\N	\N	\N	\N	\N	\N	\N	\N	\N	\N	\N	\N	\N	\N	\N	\N	0	466
266	https://www.fotmob.com/players/1281396/agustin-lastra	\N	2	50.0%	2	\N	1	0	1	\N	\N	\N	\N	\N	\N	\N	\N	\N	\N	\N	\N	56.5%	11	35.5%	\N	\N	\N	\N	\N	\N	\N	\N	\N	\N	\N	\N	\N	\N	\N	\N	\N	\N	\N	\N	\N	\N	0	467
267	https://www.fotmob.com/players/246553/luciano-andres-abecasis	\N	\N	\N	\N	\N	\N	\N	\N	\N	\N	\N	0	0.09	0.07	\N	1	1	1	0.17	31	73.8%	1	11.1%	1	\N	\N	\N	\N	68	2	0	\N	\N	2	100.0%	3	75.0%	1	100.0%	\N	\N	\N	5	1	\N	0	468
268	https://www.fotmob.com/players/1336905/mauro-peinipil	\N	\N	\N	\N	\N	\N	\N	\N	\N	\N	\N	1	0.51	1.00	\N	3	2	0	0.28	151	76.3%	7	30.4%	1	2	18.2%	3	50.0%	355	9	0	2	\N	8	72.7%	22	44.0%	6	25.0%	8	\N	3	21	1	5	0	469
269	https://www.fotmob.com/players/1624107/alejo-osella	\N	\N	\N	\N	\N	\N	\N	\N	\N	\N	\N	0	0.06	\N	\N	1	\N	0	0.06	96	72.7%	2	15.4%	\N	\N	\N	7	70.0%	254	4	1	4	\N	4	44.4%	32	66.7%	12	70.6%	6	\N	4	16	\N	4	1	470
270	https://www.fotmob.com/players/805771/ivan-villalba	\N	\N	\N	\N	\N	\N	\N	\N	\N	\N	\N	1	0.94	1.20	\N	8	2	1	0.20	259	71.5%	29	33.3%	1	\N	\N	1	50.0%	537	12	0	11	\N	10	55.6%	75	67.6%	46	63.9%	14	3	6	37	\N	5	6	471
271	https://www.fotmob.com/players/1206630/imanol-segovia	\N	\N	\N	\N	\N	\N	\N	\N	\N	\N	\N	\N	\N	\N	\N	\N	\N	\N	\N	\N	\N	\N	\N	\N	\N	\N	\N	\N	\N	\N	\N	\N	\N	\N	\N	\N	\N	\N	\N	\N	\N	\N	\N	\N	\N	\N	472
272	https://www.fotmob.com/players/1344767/leonard-costa	\N	\N	\N	\N	\N	\N	\N	\N	\N	\N	\N	0	0.06	\N	\N	1	\N	0	0.06	66	81.5%	8	47.1%	1	\N	\N	\N	\N	146	2	3	1	\N	5	83.3%	19	55.9%	12	60.0%	5	\N	2	11	\N	2	0	473
273	https://www.fotmob.com/players/1359226/santiago-flores	\N	\N	\N	\N	\N	\N	\N	\N	\N	\N	\N	0	\N	\N	\N	0	\N	0	0.00	26	86.7%	2	50.0%	\N	\N	\N	\N	\N	40	\N	0	\N	\N	1	100.0%	2	40.0%	1	25.0%	\N	\N	\N	\N	\N	\N	0	474
274	https://www.fotmob.com/players/1559675/sheyko-studer	\N	\N	\N	\N	\N	\N	\N	\N	\N	\N	\N	0	0.43	0.24	\N	6	2	0	0.05	371	80.1%	28	33.7%	\N	\N	\N	3	42.9%	721	20	5	21	\N	13	72.2%	76	59.8%	35	53.8%	20	1	10	55	\N	3	4	475
275	https://www.fotmob.com/players/725483/luciano-gomez	\N	\N	\N	\N	\N	\N	\N	\N	\N	\N	\N	2	1.13	2.61	\N	7	4	1	1.00	315	78.0%	35	50.7%	15	7	33.3%	5	41.7%	662	11	9	21	\N	15	62.5%	54	59.3%	4	40.0%	11	\N	8	68	2	9	3	476
276	https://www.fotmob.com/players/443465/rodrigo-rey	\N	37	75.5%	12	2.55	8	0	10	\N	\N	\N	\N	\N	\N	\N	\N	\N	\N	\N	\N	68.4%	103	42.2%	\N	\N	\N	\N	\N	\N	\N	\N	\N	\N	\N	\N	\N	\N	\N	\N	\N	\N	\N	\N	\N	\N	0	498
277	https://www.fotmob.com/players/1054156/joaquin-blazquez	\N	3	100.0%	0	0.17	1	0	2	\N	\N	\N	\N	\N	\N	\N	\N	\N	\N	\N	\N	69.2%	8	53.3%	\N	\N	\N	\N	\N	\N	\N	\N	\N	\N	\N	\N	\N	\N	\N	\N	\N	\N	\N	\N	\N	\N	0	499
278	https://www.fotmob.com/players/1435859/manuel-tasso	\N	\N	\N	\N	\N	\N	\N	\N	\N	\N	\N	\N	\N	\N	\N	\N	\N	\N	\N	\N	\N	\N	\N	\N	\N	\N	\N	\N	\N	\N	\N	\N	\N	\N	\N	\N	\N	\N	\N	\N	\N	\N	\N	\N	\N	\N	500
279	https://www.fotmob.com/players/824090/federico-vera	\N	\N	\N	\N	\N	\N	\N	\N	\N	\N	\N	0	0.15	0.66	\N	3	1	0	0.62	383	78.3%	27	44.3%	9	9	18.0%	10	45.5%	866	15	8	27	\N	15	68.2%	68	53.5%	9	52.9%	16	1	22	61	2	10	5	501
280	https://www.fotmob.com/players/1254921/mauro-zurita	\N	\N	\N	\N	\N	\N	\N	\N	\N	\N	\N	0	\N	\N	\N	0	\N	0	\N	0	\N	\N	\N	\N	\N	\N	\N	\N	0	\N	0	\N	\N	\N	\N	\N	\N	\N	\N	\N	\N	\N	\N	\N	\N	1	502
281	https://www.fotmob.com/players/1439529/santiago-salle	\N	\N	\N	\N	\N	\N	\N	\N	\N	\N	\N	0	\N	\N	\N	0	\N	0	0.02	21	70.0%	\N	\N	1	\N	\N	2	50.0%	62	5	2	\N	\N	2	50.0%	8	42.1%	2	66.7%	1	\N	6	6	\N	\N	0	503
282	https://www.fotmob.com/players/427046/nicolas-freire	\N	\N	\N	\N	\N	\N	\N	\N	\N	\N	\N	0	\N	\N	\N	0	\N	0	0.01	49	84.5%	5	55.6%	\N	\N	\N	\N	\N	63	\N	0	\N	\N	\N	\N	2	40.0%	2	66.7%	\N	\N	2	2	\N	\N	1	504
283	https://www.fotmob.com/players/1086733/sebastian-valdez	\N	\N	\N	\N	\N	\N	\N	\N	\N	\N	\N	0	0.31	0.16	\N	5	2	0	0.16	713	88.5%	45	55.6%	2	\N	\N	13	72.2%	1,007	12	3	6	\N	14	70.0%	86	57.3%	47	57.3%	20	2	10	69	\N	13	2	505
284	https://www.fotmob.com/players/1137661/franco-paredes	\N	\N	\N	\N	\N	\N	\N	\N	\N	\N	\N	0	\N	\N	\N	0	\N	0	0.02	93	84.5%	8	50.0%	1	\N	\N	1	100.0%	143	\N	1	3	\N	2	100.0%	8	47.1%	2	33.3%	3	\N	4	4	\N	\N	1	506
285	https://www.fotmob.com/players/1206583/kevin-lomonaco	\N	\N	\N	\N	\N	\N	\N	\N	\N	\N	\N	0	0.28	\N	\N	5	\N	0	0.28	774	87.8%	80	66.1%	2	3	60.0%	15	57.7%	1,096	8	7	26	\N	20	76.9%	93	64.1%	27	61.4%	15	2	13	116	\N	5	1	507
286	https://www.fotmob.com/players/1439528/fernando-da-rosa	\N	\N	\N	\N	\N	\N	\N	\N	\N	\N	\N	\N	\N	\N	\N	\N	\N	\N	\N	\N	\N	\N	\N	\N	\N	\N	\N	\N	\N	\N	\N	\N	\N	\N	\N	\N	\N	\N	\N	\N	\N	\N	\N	\N	\N	\N	508
287	https://www.fotmob.com/players/1661694/jonathan-de-irastorza	\N	\N	\N	\N	\N	\N	\N	\N	\N	\N	\N	\N	\N	\N	\N	\N	\N	\N	\N	\N	\N	\N	\N	\N	\N	\N	\N	\N	\N	\N	\N	\N	\N	\N	\N	\N	\N	\N	\N	\N	\N	\N	\N	\N	\N	\N	509
288	https://www.fotmob.com/players/1727054/gonzalo-bordon	\N	\N	\N	\N	\N	\N	\N	\N	\N	\N	\N	\N	\N	\N	\N	\N	\N	\N	\N	\N	\N	\N	\N	\N	\N	\N	\N	\N	\N	\N	\N	\N	\N	\N	\N	\N	\N	\N	\N	\N	\N	\N	\N	\N	\N	\N	510
289	https://www.fotmob.com/players/743009/adrian-sporle	\N	\N	\N	\N	\N	\N	\N	\N	\N	\N	\N	1	0.27	0.69	\N	6	3	1	0.48	210	75.8%	10	41.7%	5	6	19.4%	7	41.2%	509	6	14	4	\N	6	37.5%	37	45.1%	10	52.6%	15	1	7	31	1	6	1	511
290	https://www.fotmob.com/players/860780/assist-alvaro-angulo	\N	\N	\N	\N	\N	\N	\N	\N	\N	\N	\N	3	1.35	2.18	\N	18	7	0	0.65	296	76.7%	18	43.9%	9	3	17.6%	12	66.7%	632	31	8	8	\N	13	86.7%	54	61.4%	19	70.4%	12	4	6	48	2	7	4	512
291	https://www.fotmob.com/players/157868/ivan-marcone	\N	\N	\N	\N	\N	\N	\N	\N	\N	\N	\N	0	0.07	\N	\N	2	\N	0	0.37	727	85.8%	87	73.7%	6	1	20.0%	12	85.7%	1,028	5	4	22	\N	16	50.0%	79	65.3%	13	52.0%	15	\N	11	101	\N	14	7	513
292	https://www.fotmob.com/players/522083/pablo-galdames	\N	\N	\N	\N	\N	\N	\N	\N	\N	\N	\N	1	0.85	1.28	\N	6	4	2	0.32	135	81.3%	10	55.6%	4	5	23.8%	1	20.0%	257	7	4	5	\N	9	50.0%	25	53.2%	1	25.0%	4	1	9	11	\N	2	1	514
293	https://www.fotmob.com/players/861785/rodrigo-fernandez	\N	\N	\N	\N	\N	\N	\N	\N	\N	\N	\N	0	0.05	0.36	\N	2	1	0	0.04	124	80.0%	14	51.9%	2	\N	\N	2	50.0%	204	1	3	5	\N	2	50.0%	17	50.0%	6	60.0%	3	\N	7	17	\N	1	3	515
294	https://www.fotmob.com/players/1343374/felipe-loyola	\N	\N	\N	\N	\N	\N	\N	\N	\N	\N	\N	3	2.43	1.64	\N	26	8	2	1.67	501	79.1%	22	52.4%	20	9	30.0%	12	32.4%	933	43	15	22	1	22	73.3%	84	47.5%	21	46.7%	9	7	15	59	3	15	1	516
295	https://www.fotmob.com/players/1354997/david-martinez	\N	\N	\N	\N	\N	\N	\N	\N	\N	\N	\N	3	2.07	2.09	\N	19	10	1	0.47	164	79.6%	11	57.9%	7	2	10.5%	18	64.3%	348	38	11	4	\N	9	75.0%	35	44.3%	1	16.7%	1	3	15	24	3	3	4	517
296	https://www.fotmob.com/players/1647589/lautaro-millan	\N	\N	\N	\N	\N	\N	\N	\N	\N	\N	\N	1	1.39	0.47	\N	19	4	0	1.37	252	81.0%	12	75.0%	17	11	42.3%	7	38.9%	463	27	9	21	\N	6	60.0%	46	50.5%	8	44.4%	2	7	7	44	6	9	1	518
297	https://www.fotmob.com/players/1749926/joel-medina	\N	\N	\N	\N	\N	\N	\N	\N	\N	\N	\N	0	0.05	0.04	\N	2	1	0	0.18	23	92.0%	1	100.0%	1	2	66.7%	\N	\N	44	1	4	2	\N	2	66.7%	5	33.3%	1	20.0%	1	1	1	3	\N	1	1	519
298	https://www.fotmob.com/players/161344/federico-mancuello	\N	\N	\N	\N	\N	\N	\N	\N	\N	\N	\N	1	0.93	0.83	\N	4	2	0	0.41	50	68.5%	2	22.2%	6	6	26.1%	1	20.0%	129	2	0	4	\N	4	80.0%	10	45.5%	\N	\N	\N	1	3	10	1	2	2	520
299	https://www.fotmob.com/players/527862/luciano-cabral	\N	\N	\N	\N	\N	\N	\N	\N	\N	\N	\N	2	1.78	2.06	\N	18	3	1	1.64	353	83.5%	15	57.7%	16	3	11.1%	15	48.4%	640	26	18	26	\N	7	58.3%	57	46.7%	4	18.2%	5	8	10	41	6	4	4	521
300	https://www.fotmob.com/players/1351096	\N	\N	\N	\N	\N	\N	\N	\N	\N	\N	\N	\N	\N	\N	\N	\N	\N	\N	\N	\N	\N	\N	\N	\N	\N	\N	\N	\N	\N	\N	\N	\N	\N	\N	\N	\N	\N	\N	\N	\N	\N	\N	\N	\N	\N	\N	522
301	https://www.fotmob.com/players/1362516/santiago-hidalgo	\N	\N	\N	\N	\N	\N	\N	\N	\N	\N	\N	0	1.42	\N	\N	13	1	0	0.12	56	61.5%	1	20.0%	2	\N	\N	2	13.3%	218	24	17	21	\N	5	45.5%	44	43.6%	11	50.0%	2	5	6	12	\N	10	2	523
302	https://www.fotmob.com/players/1435714/santiago-gabriel-montiel	\N	\N	\N	\N	\N	\N	\N	\N	\N	\N	\N	1	0.74	0.61	\N	19	9	0	0.58	142	71.7%	19	63.3%	9	5	12.2%	11	42.3%	376	16	9	14	\N	8	72.7%	41	48.8%	5	35.7%	3	\N	3	18	4	7	3	524
303	https://www.fotmob.com/players/1127325/braian-martinez	\N	\N	\N	\N	\N	\N	\N	\N	\N	\N	\N	4	\N	\N	\N	25	11	3	\N	217	68.0%	15	57.7%	25	14	28.6%	24	43.6%	600	44	17	17	\N	9	81.8%	64	45.1%	12	44.4%	5	8	5	67	8	10	1	525
304	https://www.fotmob.com/players/1607054/diego-tarzia	\N	\N	\N	\N	\N	\N	\N	\N	\N	\N	\N	0	1.36	1.28	\N	18	6	1	1.38	158	73.1%	3	25.0%	10	9	20.5%	10	35.7%	470	36	28	20	\N	16	69.6%	62	45.6%	9	40.9%	4	5	9	34	\N	6	4	526
305	https://www.fotmob.com/players/1709488/enzo-taborda	\N	\N	\N	\N	\N	\N	\N	\N	\N	\N	\N	0	0.17	\N	\N	4	\N	0	0.03	8	66.7%	\N	\N	\N	\N	\N	1	50.0%	34	6	5	2	\N	1	100.0%	6	42.9%	2	100.0%	1	1	1	3	\N	1	0	527
306	https://www.fotmob.com/players/1716022/kevin-medina	\N	\N	\N	\N	\N	\N	\N	\N	\N	\N	\N	\N	\N	\N	\N	\N	\N	\N	\N	\N	\N	\N	\N	\N	\N	\N	\N	\N	\N	\N	\N	\N	\N	\N	\N	\N	\N	\N	\N	\N	\N	\N	\N	\N	\N	\N	528
307	https://www.fotmob.com/players/425711/gabriel-avalos	\N	\N	\N	\N	\N	\N	\N	\N	\N	\N	\N	8	4.46	6.42	\N	22	13	1	0.47	105	69.1%	2	100.0%	10	3	37.5%	4	44.4%	290	50	11	6	\N	5	55.6%	49	42.2%	30	44.1%	\N	3	12	11	2	2	2	1357
308	https://www.fotmob.com/players/1025559/matias-gimenez-rojas	\N	\N	\N	\N	\N	\N	\N	\N	\N	\N	\N	0	0.67	0.88	\N	13	5	2	0.58	123	73.2%	8	80.0%	7	1	20.0%	5	27.8%	285	30	14	5	\N	2	66.7%	27	26.7%	14	25.0%	2	3	8	14	1	\N	1	530
309	https://www.fotmob.com/players/1221231/maestro-puch-ignacio	\N	\N	\N	\N	\N	\N	\N	\N	\N	\N	\N	\N	\N	\N	\N	\N	\N	\N	\N	\N	\N	\N	\N	\N	\N	\N	\N	\N	\N	\N	\N	\N	\N	\N	\N	\N	\N	\N	\N	\N	\N	\N	\N	\N	\N	\N	531
310	https://www.fotmob.com/players/618661/joaquin-papaleo	\N	7	53.8%	6	\N	1	0	1	\N	\N	\N	\N	\N	\N	\N	\N	\N	\N	\N	\N	61.3%	19	35.8%	\N	\N	\N	\N	\N	\N	\N	\N	\N	\N	\N	\N	\N	\N	\N	\N	\N	\N	\N	\N	\N	\N	0	533
400	https://www.fotmob.com/players/1580951/valentino-acuna	\N	\N	\N	\N	\N	\N	\N	\N	\N	\N	\N	\N	\N	\N	\N	\N	\N	\N	\N	\N	\N	\N	\N	\N	\N	\N	\N	\N	\N	\N	\N	\N	\N	\N	\N	\N	\N	\N	\N	\N	\N	\N	\N	\N	\N	\N	625
311	https://www.fotmob.com/players/847982/manuel-roffo	\N	39	62.9%	23	-0.42	5	0	15	\N	\N	\N	\N	\N	\N	\N	\N	\N	\N	\N	\N	65.7%	98	42.4%	\N	\N	\N	\N	\N	\N	\N	\N	\N	\N	\N	\N	\N	\N	\N	\N	\N	\N	\N	\N	\N	\N	2	534
312	https://www.fotmob.com/players/1432909/emanuel-sittaro	\N	\N	\N	\N	\N	\N	\N	\N	\N	\N	\N	\N	\N	\N	\N	\N	\N	\N	\N	\N	\N	\N	\N	\N	\N	\N	\N	\N	\N	\N	\N	\N	\N	\N	\N	\N	\N	\N	\N	\N	\N	\N	\N	\N	\N	\N	535
313	https://www.fotmob.com/players/416311/juan-franco	\N	\N	\N	\N	\N	\N	\N	\N	\N	\N	\N	0	0.26	0.08	\N	7	1	1	1.21	258	71.1%	22	31.0%	9	10	28.6%	13	52.0%	817	16	15	23	\N	17	63.0%	81	52.6%	18	64.3%	21	3	23	65	2	13	4	536
314	https://www.fotmob.com/players/1039246/emanuel-beltran	\N	\N	\N	\N	\N	\N	\N	\N	\N	\N	\N	\N	\N	\N	\N	\N	\N	\N	\N	\N	\N	\N	\N	\N	\N	\N	\N	\N	\N	\N	\N	\N	\N	\N	\N	\N	\N	\N	\N	\N	\N	\N	\N	\N	\N	\N	537
315	https://www.fotmob.com/players/647928/fernando-alarcon	\N	\N	\N	\N	\N	\N	\N	\N	\N	\N	\N	0	0.62	0.28	\N	9	2	1	0.13	458	76.3%	41	34.2%	4	\N	\N	2	66.7%	813	18	3	6	\N	10	76.9%	76	59.4%	55	64.0%	25	1	13	58	\N	5	5	538
316	https://www.fotmob.com/players/690435/leonel-mosevich	\N	\N	\N	\N	\N	\N	\N	\N	\N	\N	\N	1	\N	\N	\N	13	5	0	\N	787	79.2%	75	38.7%	3	\N	\N	4	80.0%	1,285	16	3	9	\N	37	77.1%	123	63.4%	62	64.6%	38	2	28	71	\N	7	6	539
317	https://www.fotmob.com/players/805539/nicolas-zalazar	\N	\N	\N	\N	\N	\N	\N	\N	\N	\N	\N	1	0.28	0.22	\N	10	1	0	0.30	234	70.3%	31	39.2%	1	\N	\N	1	25.0%	469	9	1	5	\N	8	57.1%	53	60.2%	33	68.8%	15	7	12	27	\N	5	3	540
318	https://www.fotmob.com/players/1453094/gonzalo-requena	\N	\N	\N	\N	\N	\N	\N	\N	\N	\N	\N	1	0.32	0.87	\N	2	1	0	0.06	176	73.0%	22	35.5%	1	\N	\N	\N	\N	363	4	1	6	\N	9	81.8%	45	58.4%	28	60.9%	17	\N	9	24	\N	6	1	541
319	https://www.fotmob.com/players/1616638/lautaro-carrera	\N	\N	\N	\N	\N	\N	\N	\N	\N	\N	\N	0	\N	\N	\N	0	\N	0	0.01	151	78.6%	15	34.1%	\N	\N	\N	\N	\N	263	\N	0	3	\N	6	42.9%	33	60.0%	16	59.3%	8	\N	9	9	\N	\N	1	542
320	https://www.fotmob.com/players/655806/lucas-rodriguez	\N	\N	\N	\N	\N	\N	\N	\N	\N	\N	\N	1	1.95	2.03	\N	20	7	1	0.69	255	87.6%	18	72.0%	11	6	31.6%	15	48.4%	499	19	18	20	\N	13	52.0%	63	50.8%	3	23.1%	6	8	11	44	9	6	1	543
321	https://www.fotmob.com/players/957219/elias-pereyra	\N	\N	\N	\N	\N	\N	\N	\N	\N	\N	\N	0	0.38	\N	\N	3	\N	0	0.29	142	72.1%	15	39.5%	6	3	17.6%	2	16.7%	393	2	5	12	\N	7	77.8%	29	42.6%	6	33.3%	4	\N	9	26	\N	5	1	544
322	https://www.fotmob.com/players/751057/francis-mac-allister	\N	\N	\N	\N	\N	\N	\N	\N	\N	\N	\N	0	0.01	\N	\N	1	\N	0	0.26	309	75.7%	21	41.2%	5	\N	\N	3	75.0%	580	1	3	10	\N	34	60.7%	92	55.1%	23	51.1%	18	\N	32	56	4	18	5	545
323	https://www.fotmob.com/players/917619/gaston-lodico	\N	\N	\N	\N	\N	\N	\N	\N	\N	\N	\N	4	1.10	3.11	\N	11	6	1	2.08	481	81.9%	34	51.5%	25	20	29.0%	10	58.8%	823	8	5	12	\N	14	45.2%	57	57.0%	4	30.8%	16	5	7	73	3	17	1	546
324	https://www.fotmob.com/players/1201767/stefano-moreyra	\N	\N	\N	\N	\N	\N	\N	\N	\N	\N	\N	0	0.05	\N	\N	4	\N	0	0.20	172	81.5%	16	57.1%	\N	\N	\N	4	80.0%	300	\N	4	7	\N	13	81.2%	33	53.2%	6	35.3%	10	3	4	31	3	10	2	547
325	https://www.fotmob.com/players/1265160/franco-diaz	\N	\N	\N	\N	\N	\N	\N	\N	\N	\N	\N	0	1.25	0.43	\N	7	2	1	0.17	96	77.4%	5	41.7%	6	2	33.3%	3	37.5%	178	11	5	3	\N	1	50.0%	15	37.5%	7	58.3%	4	2	7	10	\N	4	2	548
326	https://www.fotmob.com/players/882460/jonas-acevedo	\N	\N	\N	\N	\N	\N	\N	\N	\N	\N	\N	1	1.08	1.86	\N	11	4	0	0.83	147	75.0%	13	50.0%	6	6	19.4%	9	47.4%	325	13	10	7	\N	10	76.9%	34	45.9%	5	31.2%	2	3	6	26	7	3	1	549
327	https://www.fotmob.com/players/1437366/damian-puebla	\N	\N	\N	\N	\N	\N	\N	\N	\N	\N	\N	1	0.86	0.14	\N	11	1	0	0.30	89	66.4%	9	56.2%	5	4	26.7%	8	28.6%	296	19	16	9	\N	8	53.3%	41	36.6%	9	27.3%	2	1	6	41	3	5	1	550
328	https://www.fotmob.com/players/1314218/alex-luna	\N	\N	\N	\N	\N	\N	\N	\N	\N	\N	\N	5	3.47	4.48	\N	47	14	3	2.61	244	73.9%	14	53.8%	17	14	18.4%	23	31.5%	813	52	45	72	1	16	69.6%	126	47.7%	8	33.3%	12	13	20	65	12	8	4	551
329	https://www.fotmob.com/players/724453/damian-batallini	\N	\N	\N	\N	\N	\N	\N	\N	\N	\N	\N	2	1.09	0.83	\N	11	5	0	0.58	138	75.8%	2	14.3%	8	3	12.5%	8	80.0%	377	19	14	30	1	18	81.8%	70	51.5%	10	37.0%	4	2	28	52	10	7	3	553
330	https://www.fotmob.com/players/213106/silvio-romero	\N	\N	\N	\N	\N	\N	\N	\N	\N	\N	\N	\N	\N	\N	\N	\N	\N	\N	\N	\N	\N	\N	\N	\N	\N	\N	\N	\N	\N	\N	\N	\N	\N	\N	\N	\N	\N	\N	\N	\N	\N	\N	\N	\N	\N	\N	552
331	https://www.fotmob.com/players/1609545/jeremias-lazaro	\N	\N	\N	\N	\N	\N	\N	\N	\N	\N	\N	0	0.27	0.40	\N	8	3	1	0.51	97	72.4%	2	28.6%	10	4	22.2%	8	47.1%	260	16	10	12	\N	6	75.0%	30	41.7%	2	18.2%	1	1	7	38	4	9	1	554
332	https://www.fotmob.com/players/1653420/matias-gallardo	\N	\N	\N	\N	\N	\N	\N	\N	\N	\N	\N	\N	\N	\N	\N	\N	\N	\N	\N	\N	\N	\N	\N	\N	\N	\N	\N	\N	\N	\N	\N	\N	\N	\N	\N	\N	\N	\N	\N	\N	\N	\N	\N	\N	\N	\N	555
333	https://www.fotmob.com/players/1108679/francesco-lo-celso	\N	\N	\N	\N	\N	\N	\N	\N	\N	\N	\N	\N	\N	\N	\N	\N	\N	\N	\N	\N	\N	\N	\N	\N	\N	\N	\N	\N	\N	\N	\N	\N	\N	\N	\N	\N	\N	\N	\N	\N	\N	\N	\N	\N	\N	\N	1383
334	https://www.fotmob.com/players/1676916/matias-klimowicz	\N	\N	\N	\N	\N	\N	\N	\N	\N	\N	\N	\N	\N	\N	\N	\N	\N	\N	\N	\N	\N	\N	\N	\N	\N	\N	\N	\N	\N	\N	\N	\N	\N	\N	\N	\N	\N	\N	\N	\N	\N	\N	\N	\N	\N	\N	557
335	https://www.fotmob.com/players/1748491/manuel-avellaneda	\N	\N	\N	\N	\N	\N	\N	\N	\N	\N	\N	\N	\N	\N	\N	\N	\N	\N	\N	\N	\N	\N	\N	\N	\N	\N	\N	\N	\N	\N	\N	\N	\N	\N	\N	\N	\N	\N	\N	\N	\N	\N	\N	\N	\N	\N	558
336	https://www.fotmob.com/players/971269	\N	\N	\N	\N	\N	\N	\N	\N	\N	\N	\N	1	1.13	1.48	\N	5	3	0	0.12	42	51.2%	\N	\N	3	\N	\N	3	50.0%	132	13	4	4	\N	\N	\N	31	49.2%	23	52.3%	4	\N	1	7	4	3	0	1386
337	https://www.fotmob.com/players/1020747/nicolas-cordero	\N	\N	\N	\N	\N	\N	\N	\N	\N	\N	\N	0	1.51	0.94	\N	11	2	0	0.13	69	67.0%	1	50.0%	7	\N	\N	3	60.0%	188	29	4	6	\N	6	60.0%	58	58.6%	39	62.9%	2	3	10	14	1	4	1	560
338	https://www.fotmob.com/players/1042007/matias-godoy	\N	\N	\N	\N	\N	\N	\N	\N	\N	\N	\N	0	0.55	\N	\N	8	\N	1	0.32	84	75.0%	6	100.0%	3	1	25.0%	8	38.1%	200	20	13	7	\N	6	66.7%	29	41.4%	5	55.6%	\N	3	7	14	1	4	2	561
339	https://www.fotmob.com/players/1371235/jonathan-dellarossa	\N	\N	\N	\N	\N	\N	\N	\N	\N	\N	\N	0	0.47	0.26	\N	5	2	1	0.53	24	55.8%	\N	\N	3	1	50.0%	1	50.0%	74	11	4	2	\N	\N	\N	9	22.5%	5	20.0%	\N	1	4	4	1	2	0	562
340	https://www.fotmob.com/players/1575649/luca-klimowicz	\N	\N	\N	\N	\N	\N	\N	\N	\N	\N	\N	0	2.07	1.56	\N	14	5	0	0.27	52	65.8%	\N	\N	4	3	42.9%	4	36.4%	166	35	11	2	\N	6	75.0%	20	33.9%	6	27.3%	\N	2	3	7	3	2	1	563
341	https://www.fotmob.com/players/529372/nahuel-losada	\N	46	82.1%	10	5.15	8	0	25	\N	\N	\N	\N	\N	\N	\N	\N	\N	\N	\N	\N	67.7%	80	39.4%	\N	\N	\N	\N	\N	\N	\N	\N	\N	\N	\N	\N	\N	\N	\N	\N	\N	\N	\N	\N	\N	\N	0	565
342	https://www.fotmob.com/players/1074828/lautaro-morales	\N	1	50.0%	1	0.04	0	0	\N	\N	\N	\N	\N	\N	\N	\N	\N	\N	\N	\N	\N	85.0%	3	50.0%	\N	\N	\N	\N	\N	\N	\N	\N	\N	\N	\N	\N	\N	\N	\N	\N	\N	\N	\N	\N	\N	\N	0	566
343	https://www.fotmob.com/players/1477565/nicolas-claa	\N	\N	\N	\N	\N	\N	\N	\N	\N	\N	\N	\N	\N	\N	\N	\N	\N	\N	\N	\N	\N	\N	\N	\N	\N	\N	\N	\N	\N	\N	\N	\N	\N	\N	\N	\N	\N	\N	\N	\N	\N	\N	\N	\N	\N	\N	567
344	https://www.fotmob.com/players/961717/nicolas-morgantini	\N	\N	\N	\N	\N	\N	\N	\N	\N	\N	\N	0	0.51	0.08	\N	8	1	1	0.82	246	74.1%	15	34.1%	8	5	20.0%	12	54.5%	626	15	9	3	\N	14	70.0%	45	46.9%	10	41.7%	13	5	9	46	1	9	1	568
345	https://www.fotmob.com/players/1093699/armando-mendez	\N	\N	\N	\N	\N	\N	\N	\N	\N	\N	\N	0	0.34	0.49	\N	3	2	0	0.35	86	84.3%	2	66.7%	1	3	50.0%	5	50.0%	260	5	4	9	\N	8	57.1%	28	45.9%	\N	\N	9	\N	15	21	\N	5	4	569
346	https://www.fotmob.com/players/164029/ezequiel-munoz	\N	\N	\N	\N	\N	\N	\N	\N	\N	\N	\N	0	0.11	0.34	\N	4	1	0	0.02	301	88.0%	15	50.0%	\N	\N	\N	\N	\N	452	7	0	5	1	2	25.0%	45	65.2%	32	71.1%	17	2	9	20	\N	3	1	570
347	https://www.fotmob.com/players/210726/carlos-roberto-izquierdoz	\N	\N	\N	\N	\N	\N	\N	\N	\N	\N	\N	0	0.81	0.32	\N	11	3	0	0.49	618	85.7%	53	48.2%	3	1	25.0%	3	100.0%	957	16	1	5	\N	11	47.8%	75	66.4%	44	62.0%	21	1	4	41	\N	6	1	571
348	https://www.fotmob.com/players/1239813/franco-ortellado	\N	\N	\N	\N	\N	\N	\N	\N	\N	\N	\N	\N	\N	\N	\N	\N	\N	\N	\N	\N	\N	\N	\N	\N	\N	\N	\N	\N	\N	\N	\N	\N	\N	\N	\N	\N	\N	\N	\N	\N	\N	\N	\N	\N	\N	\N	572
349	https://www.fotmob.com/players/1253516	\N	\N	\N	\N	\N	\N	\N	\N	\N	\N	\N	0	\N	\N	\N	1	\N	0	\N	297	86.3%	15	38.5%	1	1	100.0%	1	100.0%	383	1	1	2	\N	1	100.0%	13	43.3%	9	52.9%	5	\N	6	34	\N	2	1	573
350	https://www.fotmob.com/players/1458737/ronaldo-de-jesus	\N	\N	\N	\N	\N	\N	\N	\N	\N	\N	\N	0	0.96	0.13	\N	16	2	0	0.55	408	79.5%	28	34.1%	4	\N	\N	4	66.7%	745	23	3	4	\N	5	55.6%	57	55.9%	40	54.1%	15	7	7	43	\N	1	2	574
351	https://www.fotmob.com/players/1667730/leonel-cardozo	\N	\N	\N	\N	\N	\N	\N	\N	\N	\N	\N	0	\N	\N	\N	0	\N	0	0.16	25	73.5%	2	33.3%	1	\N	\N	1	100.0%	55	2	1	\N	\N	2	100.0%	4	66.7%	1	100.0%	\N	\N	1	2	\N	1	1	575
352	https://www.fotmob.com/players/1709098/elias-brito	\N	\N	\N	\N	\N	\N	\N	\N	\N	\N	\N	\N	\N	\N	\N	\N	\N	\N	\N	\N	\N	\N	\N	\N	\N	\N	\N	\N	\N	\N	\N	\N	\N	\N	\N	\N	\N	\N	\N	\N	\N	\N	\N	\N	\N	\N	576
353	https://www.fotmob.com/players/1717657/fabrizio-acosta	\N	\N	\N	\N	\N	\N	\N	\N	\N	\N	\N	\N	\N	\N	\N	\N	\N	\N	\N	\N	\N	\N	\N	\N	\N	\N	\N	\N	\N	\N	\N	\N	\N	\N	\N	\N	\N	\N	\N	\N	\N	\N	\N	\N	\N	\N	577
354	https://www.fotmob.com/players/172330/facundo-sanchez	\N	\N	\N	\N	\N	\N	\N	\N	\N	\N	\N	\N	\N	\N	\N	\N	\N	\N	\N	\N	\N	\N	\N	\N	\N	\N	\N	\N	\N	\N	\N	\N	\N	\N	\N	\N	\N	\N	\N	\N	\N	\N	\N	\N	\N	\N	578
401	https://www.fotmob.com/players/1633129/fabricio-tirado	\N	\N	\N	\N	\N	\N	\N	\N	\N	\N	\N	\N	\N	\N	\N	\N	\N	\N	\N	\N	\N	\N	\N	\N	\N	\N	\N	\N	\N	\N	\N	\N	\N	\N	\N	\N	\N	\N	\N	\N	\N	\N	\N	\N	\N	\N	626
631	https://www.fotmob.com/players/1709485/andres-marsengo	\N	\N	\N	\N	\N	\N	\N	\N	\N	\N	\N	\N	\N	\N	\N	\N	\N	\N	\N	\N	\N	\N	\N	\N	\N	\N	\N	\N	\N	\N	\N	\N	\N	\N	\N	\N	\N	\N	\N	\N	\N	\N	\N	\N	\N	\N	863
355	https://www.fotmob.com/players/1232257/sasha-marcich	\N	\N	\N	\N	\N	\N	\N	\N	\N	\N	\N	0	0.40	0.28	\N	13	5	3	1.42	459	73.1%	29	27.9%	16	10	23.3%	7	31.8%	1,089	21	13	9	\N	34	66.7%	98	55.7%	31	62.0%	25	3	18	44	\N	13	3	579
356	https://www.fotmob.com/players/1648262/octavio-ontivero	\N	\N	\N	\N	\N	\N	\N	\N	\N	\N	\N	0	\N	\N	\N	0	\N	0	0.28	15	78.9%	\N	\N	1	1	33.3%	1	25.0%	41	\N	1	\N	\N	1	100.0%	3	30.0%	1	100.0%	1	\N	2	\N	\N	1	0	580
357	https://www.fotmob.com/players/265728/juan-edgardo-ramirez	\N	\N	\N	\N	\N	\N	\N	\N	\N	\N	\N	0	0.05	\N	\N	1	\N	0	0.56	127	88.2%	4	80.0%	3	3	60.0%	3	50.0%	197	4	3	10	\N	3	75.0%	19	61.3%	2	100.0%	3	1	3	23	4	3	0	581
358	https://www.fotmob.com/players/466222/raul-loaiza	\N	\N	\N	\N	\N	\N	\N	\N	\N	\N	\N	0	0.42	0.36	\N	6	2	0	0.12	293	84.9%	11	45.8%	4	1	33.3%	1	33.3%	477	1	13	12	\N	9	50.0%	37	46.2%	6	50.0%	12	\N	18	61	3	4	5	1408
359	https://www.fotmob.com/players/795163/agustin-cardozo	\N	\N	\N	\N	\N	\N	\N	\N	\N	\N	\N	0	0.33	0.36	\N	6	2	0	0.43	528	87.4%	17	60.7%	9	\N	\N	\N	\N	750	5	6	15	\N	13	65.0%	55	45.1%	20	48.8%	13	3	22	81	7	11	5	582
360	https://www.fotmob.com/players/1195812/gonzalo-perez	\N	\N	\N	\N	\N	\N	\N	\N	\N	\N	\N	0	0.11	\N	\N	3	\N	0	0.52	214	75.1%	23	51.1%	5	4	57.1%	4	66.7%	456	6	0	1	\N	13	92.9%	29	46.0%	10	55.6%	10	1	11	39	\N	13	3	1410
361	https://www.fotmob.com/players/1256244/felipe-pena-biafore	\N	\N	\N	\N	\N	\N	\N	\N	\N	\N	\N	0	0.25	\N	\N	7	\N	0	0.08	143	74.9%	16	55.2%	1	\N	\N	2	50.0%	257	6	0	3	\N	2	40.0%	31	73.8%	21	84.0%	6	\N	2	22	\N	3	2	1411
362	https://www.fotmob.com/players/1667732/agustin-medina	\N	\N	\N	\N	\N	\N	\N	\N	\N	\N	\N	0	0.07	0.07	\N	4	2	0	0.38	245	79.8%	9	36.0%	4	\N	\N	3	42.9%	417	2	8	7	\N	13	56.5%	44	45.8%	11	55.0%	12	1	24	45	2	7	4	585
363	https://www.fotmob.com/players/1582668/thiago-laplace	\N	\N	\N	\N	\N	\N	\N	\N	\N	\N	\N	\N	\N	\N	\N	\N	\N	\N	\N	\N	\N	\N	\N	\N	\N	\N	\N	\N	\N	\N	\N	\N	\N	\N	\N	\N	\N	\N	\N	\N	\N	\N	\N	\N	\N	\N	587
364	https://www.fotmob.com/players/1667729/mariano-gerez	\N	\N	\N	\N	\N	\N	\N	\N	\N	\N	\N	\N	\N	\N	\N	\N	\N	\N	\N	\N	\N	\N	\N	\N	\N	\N	\N	\N	\N	\N	\N	\N	\N	\N	\N	\N	\N	\N	\N	\N	\N	\N	\N	\N	\N	\N	588
365	https://www.fotmob.com/players/1109039/franco-orozco	\N	\N	\N	\N	\N	\N	\N	\N	\N	\N	\N	0	0.45	0.27	\N	4	2	0	0.21	57	74.0%	4	57.1%	5	3	33.3%	2	33.3%	134	10	1	7	\N	5	100.0%	16	55.2%	2	50.0%	3	1	\N	15	4	6	0	589
366	https://www.fotmob.com/players/561737/marcelino-moreno	\N	\N	\N	\N	\N	\N	\N	\N	\N	\N	\N	4	3.24	3.94	\N	34	12	1	5.03	469	79.5%	13	50.0%	52	41	35.3%	27	45.8%	990	61	29	37	1	11	73.3%	85	48.3%	6	42.9%	7	15	13	68	9	10	1	590
367	https://www.fotmob.com/players/150093/eduardo-salvio	\N	\N	\N	\N	\N	\N	\N	\N	\N	\N	\N	3	3.75	3.85	\N	24	12	0	1.41	324	79.8%	9	47.4%	22	5	26.3%	21	36.8%	693	58	23	12	\N	13	76.5%	61	39.1%	11	45.8%	13	1	12	74	5	12	0	591
368	https://www.fotmob.com/players/1338987/agustin-rodriguez	\N	\N	\N	\N	\N	\N	\N	\N	\N	\N	\N	\N	\N	\N	\N	\N	\N	\N	\N	\N	\N	\N	\N	\N	\N	\N	\N	\N	\N	\N	\N	\N	\N	\N	\N	\N	\N	\N	\N	\N	\N	\N	\N	\N	\N	\N	592
369	https://www.fotmob.com/players/1352754/alexis-segovia	\N	\N	\N	\N	\N	\N	\N	\N	\N	\N	\N	1	0.39	0.68	\N	8	3	0	0.32	140	80.9%	6	54.5%	6	3	33.3%	5	38.5%	299	14	9	31	\N	5	62.5%	49	59.0%	5	62.5%	2	1	11	36	2	4	0	593
370	https://www.fotmob.com/players/46295/lautaro-acosta	\N	\N	\N	\N	\N	\N	\N	\N	\N	\N	\N	\N	\N	\N	\N	\N	\N	\N	\N	\N	\N	\N	\N	\N	\N	\N	\N	\N	\N	\N	\N	\N	\N	\N	\N	\N	\N	\N	\N	\N	\N	\N	\N	\N	\N	\N	594
371	https://www.fotmob.com/players/469007/ramiro-carrera	\N	\N	\N	\N	\N	\N	\N	\N	\N	\N	\N	1	1.02	1.75	\N	25	9	1	0.52	278	73.5%	20	47.6%	6	4	30.8%	5	41.7%	561	24	8	8	\N	7	36.8%	66	51.2%	35	58.3%	6	8	12	32	1	11	5	595
372	https://www.fotmob.com/players/1499651/dylan-aquino	\N	\N	\N	\N	\N	\N	\N	\N	\N	\N	\N	0	1.44	0.36	\N	21	5	0	1.03	183	81.0%	8	66.7%	9	4	17.4%	21	58.3%	416	25	16	11	1	9	64.3%	52	50.0%	6	46.2%	4	5	8	37	8	7	1	596
373	https://www.fotmob.com/players/1717656/benjamin-acosta	\N	\N	\N	\N	\N	\N	\N	\N	\N	\N	\N	\N	\N	\N	\N	\N	\N	\N	\N	\N	\N	\N	\N	\N	\N	\N	\N	\N	\N	\N	\N	\N	\N	\N	\N	\N	\N	\N	\N	\N	\N	\N	\N	\N	\N	\N	597
374	https://www.fotmob.com/players/1738382/jeremias-luciano-chavero-perez	\N	\N	\N	\N	\N	\N	\N	\N	\N	\N	\N	\N	\N	\N	\N	\N	\N	\N	\N	\N	\N	\N	\N	\N	\N	\N	\N	\N	\N	\N	\N	\N	\N	\N	\N	\N	\N	\N	\N	\N	\N	\N	\N	\N	\N	\N	598
375	https://www.fotmob.com/players/566260/walter-bou	\N	\N	\N	\N	\N	\N	\N	\N	\N	\N	\N	3	3.65	3.50	\N	30	11	0	1.17	166	65.9%	5	55.6%	8	2	33.3%	16	53.3%	465	55	21	7	\N	13	81.2%	55	41.0%	16	34.0%	1	8	15	38	7	1	0	599
376	https://www.fotmob.com/players/616400/alexis-pedro-canelo	\N	\N	\N	\N	\N	\N	\N	\N	\N	\N	\N	1	2.91	1.94	\N	16	5	2	0.41	58	65.9%	1	33.3%	7	5	55.6%	\N	\N	144	21	4	5	\N	\N	\N	12	28.6%	7	31.8%	\N	3	6	11	2	1	0	600
377	https://www.fotmob.com/players/1622776/assist-bruno-cabrera	\N	\N	\N	\N	\N	\N	\N	\N	\N	\N	\N	0	0.17	0.29	\N	2	2	0	0.19	29	74.4%	\N	\N	\N	\N	\N	\N	\N	80	5	5	13	\N	\N	\N	18	45.0%	4	33.3%	1	\N	6	3	\N	2	1	601
378	https://www.fotmob.com/players/51949/keylor-navas	\N	56	83.6%	11	5.98	6	0	10	\N	\N	\N	\N	\N	\N	\N	\N	\N	\N	\N	\N	63.1%	113	48.5%	\N	\N	\N	\N	\N	\N	\N	\N	\N	\N	\N	\N	\N	\N	\N	\N	\N	\N	\N	\N	\N	\N	1	603
379	https://www.fotmob.com/players/113620/lucas-hoyos	\N	\N	\N	\N	\N	\N	\N	\N	\N	\N	\N	\N	\N	\N	\N	\N	\N	\N	\N	\N	\N	\N	\N	\N	\N	\N	\N	\N	\N	\N	\N	\N	\N	\N	\N	\N	\N	\N	\N	\N	\N	\N	\N	\N	\N	\N	1429
380	https://www.fotmob.com/players/1643843/josue-reinatti	\N	10	71.4%	4	0.67	0	0	3	\N	\N	\N	\N	\N	\N	\N	\N	\N	\N	\N	\N	85.4%	10	71.4%	\N	\N	\N	\N	\N	\N	\N	\N	\N	\N	\N	\N	\N	\N	\N	\N	\N	\N	\N	\N	\N	\N	0	605
381	https://www.fotmob.com/players/1662027/faustino-piotti	\N	\N	\N	\N	\N	\N	\N	\N	\N	\N	\N	\N	\N	\N	\N	\N	\N	\N	\N	\N	\N	\N	\N	\N	\N	\N	\N	\N	\N	\N	\N	\N	\N	\N	\N	\N	\N	\N	\N	\N	\N	\N	\N	\N	\N	\N	606
382	https://www.fotmob.com/players/1019306/alejo-montero	\N	\N	\N	\N	\N	\N	\N	\N	\N	\N	\N	0	0.24	\N	\N	4	\N	0	0.89	216	75.3%	12	34.3%	8	5	16.1%	4	23.5%	589	6	4	7	\N	21	65.6%	56	52.3%	13	59.1%	20	2	13	58	4	12	5	607
383	https://www.fotmob.com/players/167569/vctor-leandro-cuesta	\N	\N	\N	\N	\N	\N	\N	\N	\N	\N	\N	1	0.36	0.26	\N	4	1	0	0.13	192	81.0%	23	63.9%	1	1	50.0%	1	33.3%	405	6	1	13	1	5	35.7%	62	72.1%	36	75.0%	22	1	7	20	\N	2	4	608
384	https://www.fotmob.com/players/270771/luciano-lollo	\N	\N	\N	\N	\N	\N	\N	\N	\N	\N	\N	2	0.39	0.74	\N	6	3	0	0.11	292	82.7%	36	50.7%	2	\N	\N	5	100.0%	502	8	2	1	\N	8	72.7%	37	52.9%	20	54.1%	12	1	6	35	\N	8	2	609
385	https://www.fotmob.com/players/585911/lucas-sosa	\N	\N	\N	\N	\N	\N	\N	\N	\N	\N	\N	0	0.02	0.20	\N	1	1	0	0.05	112	76.2%	9	45.0%	\N	\N	\N	1	100.0%	189	2	1	2	\N	3	100.0%	16	59.3%	10	58.8%	5	\N	3	5	\N	\N	0	610
386	https://www.fotmob.com/players/724317/saul-salcedo	\N	\N	\N	\N	\N	\N	\N	\N	\N	\N	\N	0	0.97	0.19	\N	9	1	0	0.08	343	89.8%	40	67.8%	2	\N	\N	2	66.7%	561	12	2	11	1	10	58.8%	74	71.8%	44	71.0%	14	3	8	39	\N	\N	0	611
387	https://www.fotmob.com/players/1308412/tomas-jacob	\N	\N	\N	\N	\N	\N	\N	\N	\N	\N	\N	0	0.49	0.48	\N	7	3	0	0.12	266	80.9%	16	41.0%	1	1	10.0%	15	83.3%	569	5	6	14	\N	16	45.7%	79	68.1%	15	62.5%	12	1	11	64	1	8	2	612
388	https://www.fotmob.com/players/1650018/lucas-mihovilcevich	\N	\N	\N	\N	\N	\N	\N	\N	\N	\N	\N	\N	\N	\N	\N	\N	\N	\N	\N	\N	\N	\N	\N	\N	\N	\N	\N	\N	\N	\N	\N	\N	\N	\N	\N	\N	\N	\N	\N	\N	\N	\N	\N	\N	\N	\N	613
389	https://www.fotmob.com/players/1729715/agustin-melgarejo	\N	\N	\N	\N	\N	\N	\N	\N	\N	\N	\N	\N	\N	\N	\N	\N	\N	\N	\N	\N	\N	\N	\N	\N	\N	\N	\N	\N	\N	\N	\N	\N	\N	\N	\N	\N	\N	\N	\N	\N	\N	\N	\N	\N	\N	\N	614
390	https://www.fotmob.com/players/1751148/juan-blas-saman	\N	\N	\N	\N	\N	\N	\N	\N	\N	\N	\N	\N	\N	\N	\N	\N	\N	\N	\N	\N	\N	\N	\N	\N	\N	\N	\N	\N	\N	\N	\N	\N	\N	\N	\N	\N	\N	\N	\N	\N	\N	\N	\N	\N	\N	\N	615
391	https://www.fotmob.com/players/805592/angelo-martino	\N	\N	\N	\N	\N	\N	\N	\N	\N	\N	\N	0	\N	\N	\N	0	\N	1	0.23	63	58.3%	1	8.3%	6	3	33.3%	5	50.0%	252	4	6	10	\N	6	85.7%	28	50.0%	7	58.3%	6	\N	10	25	2	2	2	616
392	https://www.fotmob.com/players/1201407/brian-calderara	\N	\N	\N	\N	\N	\N	\N	\N	\N	\N	\N	0	0.02	\N	\N	1	\N	0	0.01	21	80.8%	\N	\N	\N	1	33.3%	\N	\N	54	1	1	2	\N	2	66.7%	5	41.7%	\N	\N	\N	\N	1	2	\N	2	0	617
393	https://www.fotmob.com/players/1201672/assist-alejo-tabares	\N	\N	\N	\N	\N	\N	\N	\N	\N	\N	\N	0	0.22	0.19	\N	8	3	1	0.19	105	66.0%	8	25.8%	5	4	16.0%	1	16.7%	340	11	2	2	\N	3	37.5%	20	47.6%	9	56.2%	8	\N	7	22	2	2	2	618
394	https://www.fotmob.com/players/1246289/martin-luciano	\N	\N	\N	\N	\N	\N	\N	\N	\N	\N	\N	0	0.28	0.88	\N	3	2	0	0.01	36	72.0%	1	12.5%	\N	\N	\N	1	100.0%	104	4	0	\N	\N	\N	\N	4	44.4%	2	100.0%	1	1	2	7	\N	3	0	619
395	https://www.fotmob.com/players/847986/ignacio-mendez	\N	\N	\N	\N	\N	\N	\N	\N	\N	\N	\N	0	\N	\N	\N	0	\N	0	0.04	73	85.9%	5	50.0%	\N	\N	\N	\N	\N	119	\N	2	1	\N	6	75.0%	9	52.9%	\N	\N	4	\N	3	15	\N	1	1	620
396	https://www.fotmob.com/players/1405419/david-sotelo	\N	\N	\N	\N	\N	\N	\N	\N	\N	\N	\N	0	0.47	1.21	\N	7	4	1	0.34	148	80.9%	9	52.9%	3	1	12.5%	5	62.5%	279	2	5	7	\N	10	62.5%	34	58.6%	7	53.8%	6	1	5	34	4	6	1	621
397	https://www.fotmob.com/players/1435942/lisandro-sebastian-montenegro	\N	\N	\N	\N	\N	\N	\N	\N	\N	\N	\N	\N	\N	\N	\N	\N	\N	\N	\N	\N	\N	\N	\N	\N	\N	\N	\N	\N	\N	\N	\N	\N	\N	\N	\N	\N	\N	\N	\N	\N	\N	\N	\N	\N	\N	\N	622
398	https://www.fotmob.com/players/1681682/pablo-altamirano	\N	\N	\N	\N	\N	\N	\N	\N	\N	\N	\N	\N	\N	\N	\N	\N	\N	\N	\N	\N	\N	\N	\N	\N	\N	\N	\N	\N	\N	\N	\N	\N	\N	\N	\N	\N	\N	\N	\N	\N	\N	\N	\N	\N	\N	\N	623
399	https://www.fotmob.com/players/1700581/luca-regiardo	\N	\N	\N	\N	\N	\N	\N	\N	\N	\N	\N	0	0.06	\N	\N	3	\N	0	0.13	243	84.1%	20	62.5%	4	\N	\N	\N	\N	364	\N	3	3	\N	10	55.6%	26	44.8%	5	38.5%	11	3	12	44	2	9	2	624
402	https://www.fotmob.com/players/108568/ever-banega	\N	\N	\N	\N	\N	\N	\N	\N	\N	\N	\N	1	1.48	1.71	\N	14	4	4	3.75	640	83.8%	98	72.1%	42	26	30.2%	27	69.2%	1,036	7	18	23	\N	12	57.1%	81	52.9%	10	52.6%	6	7	19	96	6	15	7	627
403	https://www.fotmob.com/players/751138/gonzalo-maroni	\N	\N	\N	\N	\N	\N	\N	\N	\N	\N	\N	1	1.64	0.96	\N	18	4	1	1.78	271	76.8%	16	55.2%	16	6	23.1%	17	53.1%	540	33	12	14	\N	10	90.9%	58	50.0%	16	59.3%	8	2	18	49	8	2	3	628
404	https://www.fotmob.com/players/860962/fernando-cardozo	\N	\N	\N	\N	\N	\N	\N	\N	\N	\N	\N	0	0.70	0.95	\N	6	1	0	0.25	116	71.6%	6	40.0%	4	1	7.7%	6	46.2%	285	16	9	8	\N	8	100.0%	24	32.0%	2	13.3%	4	2	14	24	1	8	3	629
405	https://www.fotmob.com/players/892643/luciano-herrera	\N	\N	\N	\N	\N	\N	\N	\N	\N	\N	\N	3	2.10	1.71	\N	20	5	0	0.87	142	75.9%	5	50.0%	8	5	26.3%	10	35.7%	408	35	13	20	\N	8	44.4%	61	44.5%	13	41.9%	12	6	23	50	2	8	4	630
406	https://www.fotmob.com/players/1246290/misael-jaime	\N	\N	\N	\N	\N	\N	\N	\N	\N	\N	\N	\N	\N	\N	\N	\N	\N	\N	\N	\N	\N	\N	\N	\N	\N	\N	\N	\N	\N	\N	\N	\N	\N	\N	\N	\N	\N	\N	\N	\N	\N	\N	\N	\N	\N	\N	631
407	https://www.fotmob.com/players/1562427/giovani-chiaverano	\N	\N	\N	\N	\N	\N	\N	\N	\N	\N	\N	\N	\N	\N	\N	\N	\N	\N	\N	\N	\N	\N	\N	\N	\N	\N	\N	\N	\N	\N	\N	\N	\N	\N	\N	\N	\N	\N	\N	\N	\N	\N	\N	\N	\N	\N	632
408	https://www.fotmob.com/players/1662026/mateo-silvetti	\N	\N	\N	\N	\N	\N	\N	\N	\N	\N	\N	2	2.39	2.27	\N	31	13	1	1.43	157	66.5%	11	57.9%	19	14	26.4%	17	35.4%	523	40	12	23	\N	7	58.3%	72	47.1%	20	57.1%	6	11	14	55	5	12	1	1458
409	https://www.fotmob.com/players/1681681/joaquin-plaza	\N	\N	\N	\N	\N	\N	\N	\N	\N	\N	\N	0	0.07	\N	\N	2	\N	0	0.04	3	33.3%	1	50.0%	\N	1	100.0%	\N	\N	16	2	1	\N	\N	\N	\N	2	25.0%	2	50.0%	\N	1	2	2	2	\N	0	634
410	https://www.fotmob.com/players/1722224/facundo-samuel-guch	\N	\N	\N	\N	\N	\N	\N	\N	\N	\N	\N	\N	\N	\N	\N	\N	\N	\N	\N	\N	\N	\N	\N	\N	\N	\N	\N	\N	\N	\N	\N	\N	\N	\N	\N	\N	\N	\N	\N	\N	\N	\N	\N	\N	\N	\N	635
411	https://www.fotmob.com/players/1727517/thiago-gigena	\N	\N	\N	\N	\N	\N	\N	\N	\N	\N	\N	\N	\N	\N	\N	\N	\N	\N	\N	\N	\N	\N	\N	\N	\N	\N	\N	\N	\N	\N	\N	\N	\N	\N	\N	\N	\N	\N	\N	\N	\N	\N	\N	\N	\N	\N	636
412	https://www.fotmob.com/players/1729714/francisco-scarpeccio	\N	\N	\N	\N	\N	\N	\N	\N	\N	\N	\N	\N	\N	\N	\N	\N	\N	\N	\N	\N	\N	\N	\N	\N	\N	\N	\N	\N	\N	\N	\N	\N	\N	\N	\N	\N	\N	\N	\N	\N	\N	\N	\N	\N	\N	\N	637
413	https://www.fotmob.com/players/1740774/andrew-pereira	\N	\N	\N	\N	\N	\N	\N	\N	\N	\N	\N	\N	\N	\N	\N	\N	\N	\N	\N	\N	\N	\N	\N	\N	\N	\N	\N	\N	\N	\N	\N	\N	\N	\N	\N	\N	\N	\N	\N	\N	\N	\N	\N	\N	\N	\N	638
414	https://www.fotmob.com/players/614459/carlos-gonzalez	\N	\N	\N	\N	\N	\N	\N	\N	\N	\N	\N	1	3.05	1.14	\N	19	5	1	0.63	83	53.9%	3	37.5%	6	\N	\N	6	46.2%	289	31	17	15	\N	8	72.7%	80	47.6%	49	47.6%	6	4	7	20	2	4	0	639
415	https://www.fotmob.com/players/626154/juan-manuel-garcia	\N	\N	\N	\N	\N	\N	\N	\N	\N	\N	\N	0	1.60	0.87	\N	10	3	0	0.24	50	58.8%	1	33.3%	5	\N	\N	3	50.0%	152	25	3	8	\N	3	100.0%	42	52.5%	29	52.7%	\N	3	7	14	2	\N	2	640
416	https://www.fotmob.com/players/279889/andres-desabato	\N	77	76.2%	24	5.16	10	0	27	\N	\N	\N	\N	\N	\N	\N	\N	\N	\N	\N	\N	57.8%	163	36.9%	\N	\N	\N	\N	\N	\N	\N	\N	\N	\N	\N	\N	\N	\N	\N	\N	\N	\N	\N	\N	\N	\N	0	642
417	https://www.fotmob.com/players/926330/juan-cozzani	\N	52	82.5%	11	6.67	7	1	11	\N	\N	\N	\N	\N	\N	\N	\N	\N	\N	\N	\N	38.6%	104	28.8%	\N	\N	\N	\N	\N	\N	\N	\N	\N	\N	\N	\N	\N	\N	\N	\N	\N	\N	\N	\N	\N	\N	1	643
418	https://www.fotmob.com/players/1434954/federico-losas	\N	0	\N	21	\N	6	0	\N	\N	\N	\N	\N	\N	\N	\N	\N	\N	\N	\N	\N	\N	\N	\N	\N	\N	\N	\N	\N	\N	\N	\N	\N	\N	\N	\N	\N	\N	\N	\N	\N	\N	\N	\N	\N	\N	2	644
419	https://www.fotmob.com/players/1135677/juan-saborido	\N	\N	\N	\N	\N	\N	\N	\N	\N	\N	\N	0	0.10	0.14	\N	7	3	0	0.78	162	59.6%	20	28.6%	6	8	25.8%	14	45.2%	707	10	11	13	\N	27	64.3%	81	50.9%	12	42.9%	13	1	19	47	7	15	5	645
420	https://www.fotmob.com/players/1221037/assist-bautista-barros-schelotto	\N	\N	\N	\N	\N	\N	\N	\N	\N	\N	\N	0	0.03	0.02	\N	1	1	0	0.11	64	61.5%	9	45.0%	\N	2	18.2%	\N	\N	219	1	1	\N	\N	8	80.0%	13	37.1%	3	30.0%	6	\N	5	11	\N	9	1	646
421	https://www.fotmob.com/players/883695/edgar-elizalde	\N	\N	\N	\N	\N	\N	\N	\N	\N	\N	\N	0	\N	\N	\N	0	\N	0	0.13	11	57.9%	5	41.7%	1	2	50.0%	\N	\N	49	\N	0	\N	\N	2	66.7%	3	75.0%	\N	\N	2	\N	1	4	1	\N	0	647
422	https://www.fotmob.com/players/939404/gonzalo-goni	\N	\N	\N	\N	\N	\N	\N	\N	\N	\N	\N	\N	\N	\N	\N	\N	\N	\N	\N	\N	\N	\N	\N	\N	\N	\N	\N	\N	\N	\N	\N	\N	\N	\N	\N	\N	\N	\N	\N	\N	\N	\N	\N	\N	\N	\N	1472
423	https://www.fotmob.com/players/1033115/ignacio-vazquez	\N	\N	\N	\N	\N	\N	\N	\N	\N	\N	\N	1	0.80	1.87	\N	13	3	0	0.28	322	67.4%	57	38.5%	3	1	16.7%	4	66.7%	762	21	3	17	\N	25	67.6%	114	66.7%	58	67.4%	23	6	13	70	2	13	2	649
424	https://www.fotmob.com/players/1082758/oscar-salomon	\N	\N	\N	\N	\N	\N	\N	\N	\N	\N	\N	0	0.36	\N	\N	5	\N	0	0.15	307	74.3%	35	38.5%	3	\N	\N	2	40.0%	700	11	1	12	\N	25	62.5%	89	69.0%	36	59.0%	33	\N	6	48	1	5	3	650
425	https://www.fotmob.com/players/1337229/juan-pablo-pignani	\N	\N	\N	\N	\N	\N	\N	\N	\N	\N	\N	0	\N	\N	\N	0	\N	0	0.01	22	68.8%	5	45.5%	\N	\N	\N	1	100.0%	50	\N	0	1	\N	1	50.0%	10	55.6%	6	50.0%	\N	\N	1	4	\N	1	0	651
426	https://www.fotmob.com/players/1585709/santiago-postel	\N	\N	\N	\N	\N	\N	\N	\N	\N	\N	\N	2	\N	\N	\N	2	2	0	\N	0	\N	\N	\N	\N	\N	\N	\N	\N	2	2	0	\N	\N	\N	\N	\N	\N	\N	\N	\N	\N	\N	\N	\N	\N	7	652
427	https://www.fotmob.com/players/760273/jonathan-bay	\N	\N	\N	\N	\N	\N	\N	\N	\N	\N	\N	0	0.06	\N	\N	3	\N	0	0.33	80	61.1%	9	26.5%	5	6	54.5%	5	83.3%	266	3	4	1	\N	7	63.6%	30	57.7%	13	61.9%	5	1	2	25	\N	7	1	1477
428	https://www.fotmob.com/players/856411/raul-lozano	\N	\N	\N	\N	\N	\N	\N	\N	\N	\N	\N	0	0.01	\N	\N	1	\N	0	0.04	11	73.3%	1	33.3%	1	1	50.0%	\N	\N	40	\N	0	2	\N	\N	\N	3	37.5%	\N	\N	\N	1	1	1	\N	\N	0	1478
429	https://www.fotmob.com/players/1336637/tomas-silva	\N	\N	\N	\N	\N	\N	\N	\N	\N	\N	\N	0	0.35	0.03	\N	9	1	0	0.68	162	63.5%	21	33.3%	8	12	31.6%	4	40.0%	534	7	4	6	\N	9	32.1%	53	57.6%	15	60.0%	17	1	8	49	2	11	1	655
430	https://www.fotmob.com/players/794311/fernando-juarez	\N	\N	\N	\N	\N	\N	\N	\N	\N	\N	\N	0	0.07	\N	\N	2	\N	0	0.06	95	66.0%	10	35.7%	1	1	25.0%	3	75.0%	247	\N	3	9	\N	8	40.0%	43	61.4%	11	52.4%	12	\N	8	31	3	5	3	656
431	https://www.fotmob.com/players/1097836/leonel-picco	\N	\N	\N	\N	\N	\N	\N	\N	\N	\N	\N	0	0.46	0.22	\N	11	2	0	0.26	368	77.8%	19	43.2%	6	\N	\N	5	50.0%	692	15	10	4	\N	32	57.1%	90	55.6%	25	67.6%	21	4	34	107	9	11	5	657
432	https://www.fotmob.com/players/1213003	\N	\N	\N	\N	\N	\N	\N	\N	\N	\N	\N	0	0.69	0.50	\N	8	1	0	0.68	242	71.8%	27	55.1%	3	2	33.3%	5	62.5%	549	17	13	9	1	27	56.2%	95	52.2%	33	53.2%	18	2	31	64	5	14	5	658
433	https://www.fotmob.com/players/1186694/enzo-roldan	\N	\N	\N	\N	\N	\N	\N	\N	\N	\N	\N	\N	\N	\N	\N	\N	\N	\N	\N	\N	\N	\N	\N	\N	\N	\N	\N	\N	\N	\N	\N	\N	\N	\N	\N	\N	\N	\N	\N	\N	\N	\N	\N	\N	\N	\N	659
434	https://www.fotmob.com/players/1288192/brandon-barbas	\N	\N	\N	\N	\N	\N	\N	\N	\N	\N	\N	\N	\N	\N	\N	\N	\N	\N	\N	\N	\N	\N	\N	\N	\N	\N	\N	\N	\N	\N	\N	\N	\N	\N	\N	\N	\N	\N	\N	\N	\N	\N	\N	\N	\N	\N	660
435	https://www.fotmob.com/players/1752395/demian-troya	\N	\N	\N	\N	\N	\N	\N	\N	\N	\N	\N	\N	\N	\N	\N	\N	\N	\N	\N	\N	\N	\N	\N	\N	\N	\N	\N	\N	\N	\N	\N	\N	\N	\N	\N	\N	\N	\N	\N	\N	\N	\N	\N	\N	\N	\N	661
436	https://www.fotmob.com/players/1276036/franco-zapiola	\N	\N	\N	\N	\N	\N	\N	\N	\N	\N	\N	0	0.91	0.59	\N	17	5	0	2.13	149	69.6%	12	46.2%	17	13	28.3%	13	48.1%	411	18	9	6	\N	11	68.8%	37	44.0%	2	20.0%	12	3	6	39	3	10	1	662
437	https://www.fotmob.com/players/1228220/franco-baldassarra	\N	\N	\N	\N	\N	\N	\N	\N	\N	\N	\N	0	0.08	0.03	\N	3	1	0	0.03	30	68.2%	2	40.0%	\N	1	50.0%	1	50.0%	84	\N	2	3	\N	4	80.0%	14	53.8%	5	55.6%	\N	\N	5	5	2	\N	0	663
438	https://www.fotmob.com/players/1280328/vicente-taborda	\N	\N	\N	\N	\N	\N	\N	\N	\N	\N	\N	4	2.79	3.68	\N	19	8	1	2.20	380	72.4%	25	44.6%	26	17	23.3%	24	39.3%	905	28	35	46	\N	10	41.7%	109	48.2%	15	39.5%	5	3	9	104	9	13	4	664
439	https://www.fotmob.com/players/1354120/santiago-toloza	\N	\N	\N	\N	\N	\N	\N	\N	\N	\N	\N	\N	\N	\N	\N	\N	\N	\N	\N	\N	\N	\N	\N	\N	\N	\N	\N	\N	\N	\N	\N	\N	\N	\N	\N	\N	\N	\N	\N	\N	\N	\N	\N	\N	\N	\N	665
440	https://www.fotmob.com/players/841947/guido-mainero	\N	\N	\N	\N	\N	\N	\N	\N	\N	\N	\N	3	1.45	2.85	\N	18	9	4	3.27	230	58.2%	18	26.9%	24	27	30.3%	8	22.9%	730	28	8	11	\N	10	52.6%	59	37.3%	21	35.6%	7	5	11	64	13	19	2	666
441	https://www.fotmob.com/players/931555/franz-gonzales	\N	\N	\N	\N	\N	\N	\N	\N	\N	\N	\N	\N	\N	\N	\N	\N	\N	\N	\N	\N	\N	\N	\N	\N	\N	\N	\N	\N	\N	\N	\N	\N	\N	\N	\N	\N	\N	\N	\N	\N	\N	\N	\N	\N	\N	\N	667
442	https://www.fotmob.com/players/1214017/ignacio-schor	\N	\N	\N	\N	\N	\N	\N	\N	\N	\N	\N	\N	\N	\N	\N	\N	\N	\N	\N	\N	\N	\N	\N	\N	\N	\N	\N	\N	\N	\N	\N	\N	\N	\N	\N	\N	\N	\N	\N	\N	\N	\N	\N	\N	\N	\N	668
443	https://www.fotmob.com/players/1277344/rodrigo-marquez	\N	\N	\N	\N	\N	\N	\N	\N	\N	\N	\N	\N	\N	\N	\N	\N	\N	\N	\N	\N	\N	\N	\N	\N	\N	\N	\N	\N	\N	\N	\N	\N	\N	\N	\N	\N	\N	\N	\N	\N	\N	\N	\N	\N	\N	\N	1493
444	https://www.fotmob.com/players/1432691/juan-pablo-goicochea	\N	\N	\N	\N	\N	\N	\N	\N	\N	\N	\N	\N	\N	\N	\N	\N	\N	\N	\N	\N	\N	\N	\N	\N	\N	\N	\N	\N	\N	\N	\N	\N	\N	\N	\N	\N	\N	\N	\N	\N	\N	\N	\N	\N	\N	\N	670
445	https://www.fotmob.com/players/1647815/franco-minerva	\N	\N	\N	\N	\N	\N	\N	\N	\N	\N	\N	0	0.05	0.04	\N	2	1	0	0.12	7	50.0%	\N	\N	\N	1	33.3%	\N	\N	42	\N	2	\N	\N	3	60.0%	7	46.7%	2	100.0%	2	\N	3	5	\N	2	0	671
446	https://www.fotmob.com/players/485378	\N	\N	\N	\N	\N	\N	\N	\N	\N	\N	\N	1	1.59	0.84	\N	10	2	1	0.40	25	62.5%	\N	\N	2	\N	\N	1	33.3%	77	11	5	3	\N	2	100.0%	14	31.8%	8	32.0%	\N	4	6	11	2	\N	2	672
447	https://www.fotmob.com/players/659738/ronaldo-martinez	\N	\N	\N	\N	\N	\N	\N	\N	\N	\N	\N	2	2.22	3.74	\N	19	7	1	1.13	129	57.1%	7	58.3%	8	1	14.3%	7	50.0%	358	41	11	9	\N	2	33.3%	101	51.8%	80	54.4%	2	3	7	25	4	5	2	673
584	https://www.fotmob.com/players/1709841/juan-rattalino	\N	\N	\N	\N	\N	\N	\N	\N	\N	\N	\N	\N	\N	\N	\N	\N	\N	\N	\N	\N	\N	\N	\N	\N	\N	\N	\N	\N	\N	\N	\N	\N	\N	\N	\N	\N	\N	\N	\N	\N	\N	\N	\N	\N	\N	\N	814
448	https://www.fotmob.com/players/693593/augusto-lotti	\N	\N	\N	\N	\N	\N	\N	\N	\N	\N	\N	1	2.52	0.81	\N	21	7	2	0.62	131	62.4%	7	58.3%	15	3	21.4%	5	55.6%	346	51	16	3	\N	1	50.0%	41	31.8%	31	33.7%	1	2	6	20	4	3	0	674
449	https://www.fotmob.com/players/847288/maximiliano-rodriguez	\N	\N	\N	\N	\N	\N	\N	\N	\N	\N	\N	\N	\N	\N	\N	\N	\N	\N	\N	\N	\N	\N	\N	\N	\N	\N	\N	\N	\N	\N	\N	\N	\N	\N	\N	\N	\N	\N	\N	\N	\N	\N	\N	\N	\N	\N	1499
450	https://www.fotmob.com/players/1378924/tobias-cervera	\N	\N	\N	\N	\N	\N	\N	\N	\N	\N	\N	\N	\N	\N	\N	\N	\N	\N	\N	\N	\N	\N	\N	\N	\N	\N	\N	\N	\N	\N	\N	\N	\N	\N	\N	\N	\N	\N	\N	\N	\N	\N	\N	\N	\N	\N	1500
451	https://www.fotmob.com/players/210706/gabriel-arias	\N	35	77.8%	10	2.16	5	0	4	\N	\N	\N	\N	\N	\N	\N	\N	\N	\N	\N	\N	67.0%	60	37.7%	\N	\N	\N	\N	\N	\N	\N	\N	\N	\N	\N	\N	\N	\N	\N	\N	\N	\N	\N	\N	\N	\N	0	678
452	https://www.fotmob.com/players/616344/gaston-gomez	\N	39	75.0%	13	1.02	5	0	6	\N	\N	\N	\N	\N	\N	\N	\N	\N	\N	\N	\N	59.6%	102	39.4%	\N	\N	\N	\N	\N	\N	\N	\N	\N	\N	\N	\N	\N	\N	\N	\N	\N	\N	\N	\N	\N	\N	2	679
453	https://www.fotmob.com/players/723492/facundo-cambeses	\N	21	75.0%	7	-1.16	0	1	1	\N	\N	\N	\N	\N	\N	\N	\N	\N	\N	\N	\N	57.4%	18	26.9%	\N	\N	\N	\N	\N	\N	\N	\N	\N	\N	\N	\N	\N	\N	\N	\N	\N	\N	\N	\N	\N	\N	1	680
454	https://www.fotmob.com/players/1477407/francisco-gomez	\N	\N	\N	\N	\N	\N	\N	\N	\N	\N	\N	\N	\N	\N	\N	\N	\N	\N	\N	\N	\N	\N	\N	\N	\N	\N	\N	\N	\N	\N	\N	\N	\N	\N	\N	\N	\N	\N	\N	\N	\N	\N	\N	\N	\N	\N	681
455	https://www.fotmob.com/players/1029392/facundo-mura	\N	\N	\N	\N	\N	\N	\N	\N	\N	\N	\N	1	0.35	0.16	\N	5	1	0	0.30	121	76.1%	11	39.3%	4	5	22.7%	1	16.7%	297	7	6	6	\N	4	100.0%	16	40.0%	6	60.0%	4	1	6	23	1	4	2	682
456	https://www.fotmob.com/players/438183/german-conti	\N	\N	\N	\N	\N	\N	\N	\N	\N	\N	\N	0	0.16	0.04	\N	2	1	0	0.01	110	84.0%	5	29.4%	1	\N	\N	\N	\N	181	4	0	2	\N	3	75.0%	26	65.0%	21	65.6%	6	\N	1	11	\N	2	0	683
457	https://www.fotmob.com/players/447095/agustin-basso	\N	\N	\N	\N	\N	\N	\N	\N	\N	\N	\N	0	0.02	\N	\N	1	\N	0	0.05	181	83.8%	22	43.1%	\N	\N	\N	\N	\N	250	1	0	2	\N	1	33.3%	9	69.2%	5	62.5%	1	1	\N	20	\N	\N	0	1507
458	https://www.fotmob.com/players/958860/santiago-sosa	\N	\N	\N	\N	\N	\N	\N	\N	\N	\N	\N	0	0.51	0.27	\N	9	2	1	0.29	412	81.7%	32	54.2%	3	\N	\N	1	20.0%	682	12	4	5	\N	17	63.0%	84	57.5%	51	63.0%	32	3	21	48	1	6	2	685
459	https://www.fotmob.com/players/1074976/nazareno-colombo	\N	\N	\N	\N	\N	\N	\N	\N	\N	\N	\N	0	0.21	0.16	\N	7	1	0	0.21	504	81.2%	61	46.2%	1	1	20.0%	6	60.0%	810	9	3	11	\N	13	68.4%	60	48.4%	25	43.1%	24	2	13	39	\N	11	5	686
460	https://www.fotmob.com/players/1206631/fernando-prado	\N	\N	\N	\N	\N	\N	\N	\N	\N	\N	\N	0	\N	\N	\N	0	\N	0	0.06	117	71.8%	22	50.0%	\N	1	50.0%	1	100.0%	227	\N	0	1	\N	4	57.1%	10	30.3%	1	6.2%	8	\N	3	32	\N	6	0	687
461	https://www.fotmob.com/players/1209398/marco-di-cesare	\N	\N	\N	\N	\N	\N	\N	\N	\N	\N	\N	1	0.66	0.90	\N	9	2	0	0.49	366	74.8%	40	37.0%	\N	1	33.3%	4	57.1%	674	13	1	5	\N	7	46.7%	70	56.0%	46	59.7%	11	4	13	42	2	7	4	688
462	https://www.fotmob.com/players/1433995/santiago-quiros	\N	\N	\N	\N	\N	\N	\N	\N	\N	\N	\N	0	\N	\N	\N	0	\N	0	0.06	253	75.5%	28	35.0%	\N	\N	\N	1	25.0%	429	\N	2	2	\N	2	40.0%	15	45.5%	7	50.0%	13	\N	2	27	1	4	0	689
463	https://www.fotmob.com/players/1528896/gonzalo-escudero	\N	\N	\N	\N	\N	\N	\N	\N	\N	\N	\N	0	\N	\N	\N	0	\N	0	0.08	37	75.5%	1	25.0%	1	\N	\N	2	100.0%	69	1	0	2	\N	2	50.0%	10	58.8%	2	28.6%	1	\N	2	8	\N	1	0	690
464	https://www.fotmob.com/players/1725244/jhoan-merino	\N	\N	\N	\N	\N	\N	\N	\N	\N	\N	\N	\N	\N	\N	\N	\N	\N	\N	\N	\N	\N	\N	\N	\N	\N	\N	\N	\N	\N	\N	\N	\N	\N	\N	\N	\N	\N	\N	\N	\N	\N	\N	\N	\N	\N	\N	691
465	https://www.fotmob.com/players/1198482/sergio-sanchez	\N	\N	\N	\N	\N	\N	\N	\N	\N	\N	\N	1	\N	\N	\N	1	1	0	\N	0	\N	\N	\N	\N	\N	\N	\N	\N	1	1	0	\N	\N	\N	\N	\N	\N	\N	\N	\N	\N	\N	\N	\N	\N	5	692
466	https://www.fotmob.com/players/1133119/gaston-martirena	\N	\N	\N	\N	\N	\N	\N	\N	\N	\N	\N	2	0.77	0.74	\N	18	6	4	1.94	277	67.9%	33	39.3%	17	8	14.0%	13	40.6%	785	25	12	14	\N	14	66.7%	62	47.3%	14	45.2%	17	6	14	52	4	7	4	693
467	https://www.fotmob.com/players/805540/gabriel-rojas	\N	\N	\N	\N	\N	\N	\N	\N	\N	\N	\N	0	0.48	0.48	\N	13	2	0	1.70	247	73.5%	17	30.4%	17	24	33.8%	10	45.5%	660	14	9	12	\N	6	37.5%	47	45.6%	10	50.0%	12	4	19	39	2	8	0	694
468	https://www.fotmob.com/players/745210/richard-sanchez	\N	\N	\N	\N	\N	\N	\N	\N	\N	\N	\N	0	0.30	\N	\N	1	\N	0	0.13	57	85.1%	4	44.4%	2	2	28.6%	1	50.0%	88	1	0	\N	\N	1	100.0%	4	66.7%	2	66.7%	\N	\N	\N	4	1	\N	0	695
469	https://www.fotmob.com/players/193937/bruno-zuculini	\N	\N	\N	\N	\N	\N	\N	\N	\N	\N	\N	1	1.49	1.47	\N	7	4	2	0.18	65	78.3%	6	60.0%	3	1	100.0%	\N	\N	118	11	1	2	\N	3	50.0%	12	46.2%	4	80.0%	3	1	8	17	\N	4	2	1519
470	https://www.fotmob.com/players/787262/federico-zaracho	\N	\N	\N	\N	\N	\N	\N	\N	\N	\N	\N	0	0.21	\N	\N	4	\N	2	0.84	143	84.1%	10	58.8%	11	3	60.0%	1	33.3%	255	7	4	6	\N	7	58.3%	23	40.4%	4	25.0%	8	2	10	29	4	7	1	697
471	https://www.fotmob.com/players/935060	\N	\N	\N	\N	\N	\N	\N	\N	\N	\N	\N	0	0.40	0.25	\N	14	2	0	0.78	312	76.1%	41	50.0%	9	4	28.6%	2	50.0%	530	5	2	10	\N	10	76.9%	28	53.8%	3	37.5%	14	4	9	47	2	7	2	698
472	https://www.fotmob.com/players/940001/martin-barrios	\N	\N	\N	\N	\N	\N	\N	\N	\N	\N	\N	1	0.35	0.18	\N	6	1	0	0.18	181	80.8%	17	56.7%	5	1	16.7%	4	44.4%	300	7	4	1	\N	8	61.5%	21	43.8%	3	60.0%	10	3	12	41	4	4	1	699
473	https://www.fotmob.com/players/1087773/juan-ignacio-nardoni	\N	\N	\N	\N	\N	\N	\N	\N	\N	\N	\N	1	0.59	0.75	\N	10	2	0	1.01	289	74.3%	23	52.3%	9	1	12.5%	18	45.0%	628	22	15	17	\N	12	50.0%	81	52.3%	22	57.9%	20	3	15	91	7	6	3	700
474	https://www.fotmob.com/players/1485760/santino-vera	\N	\N	\N	\N	\N	\N	\N	\N	\N	\N	\N	\N	\N	\N	\N	\N	\N	\N	\N	\N	\N	\N	\N	\N	\N	\N	\N	\N	\N	\N	\N	\N	\N	\N	\N	\N	\N	\N	\N	\N	\N	\N	\N	\N	\N	\N	701
475	https://www.fotmob.com/players/50051/david-gonzalez	\N	\N	\N	\N	\N	\N	\N	\N	\N	\N	\N	\N	\N	\N	\N	\N	\N	\N	\N	\N	78.4%	8	50.0%	\N	\N	\N	\N	\N	\N	\N	\N	\N	\N	\N	\N	\N	\N	\N	\N	\N	\N	\N	\N	\N	\N	0	702
476	https://www.fotmob.com/players/1712602/ramiro-vitale	\N	\N	\N	\N	\N	\N	\N	\N	\N	\N	\N	\N	\N	\N	\N	\N	\N	\N	\N	\N	\N	\N	\N	\N	\N	\N	\N	\N	\N	\N	\N	\N	\N	\N	\N	\N	\N	\N	\N	\N	\N	\N	\N	\N	\N	\N	703
477	https://www.fotmob.com/players/1244348/ignacio-rodriguez	\N	\N	\N	\N	\N	\N	\N	\N	\N	\N	\N	0	0.27	0.07	\N	4	1	0	1.37	167	78.4%	5	38.5%	8	5	11.6%	4	50.0%	394	20	7	12	\N	2	40.0%	35	44.3%	14	41.2%	1	2	4	43	5	9	3	704
478	https://www.fotmob.com/players/294003/luciano-dario-vietto	\N	\N	\N	\N	\N	\N	\N	\N	\N	\N	\N	3	2.43	2.57	\N	17	6	2	2.21	187	77.9%	12	60.0%	21	12	32.4%	9	45.0%	380	31	7	7	\N	1	12.5%	25	37.9%	1	14.3%	5	3	7	29	3	10	2	705
479	https://www.fotmob.com/players/1274326/adrian-fernandez	\N	\N	\N	\N	\N	\N	\N	\N	\N	\N	\N	0	0.22	\N	\N	4	\N	1	0.38	91	77.8%	5	71.4%	6	1	20.0%	9	52.9%	190	5	8	5	\N	3	100.0%	17	41.5%	\N	\N	2	1	4	20	1	3	1	706
480	https://www.fotmob.com/players/30499/santiago-solari	\N	\N	\N	\N	\N	\N	\N	\N	\N	\N	\N	\N	\N	\N	\N	\N	\N	\N	\N	\N	\N	\N	\N	\N	\N	\N	\N	\N	\N	\N	\N	\N	\N	\N	\N	\N	\N	\N	\N	\N	\N	\N	\N	\N	\N	\N	707
481	https://www.fotmob.com/players/1405124/emiliano-saliadarre	\N	\N	\N	\N	\N	\N	\N	\N	\N	\N	\N	\N	\N	\N	\N	\N	\N	\N	\N	\N	\N	\N	\N	\N	\N	\N	\N	\N	\N	\N	\N	\N	\N	\N	\N	\N	\N	\N	\N	\N	\N	\N	\N	\N	\N	\N	708
482	https://www.fotmob.com/players/730647/maximiliano-salas	\N	\N	\N	\N	\N	\N	\N	\N	\N	\N	\N	1	1.95	3.06	\N	31	9	3	1.81	157	67.7%	14	46.7%	15	5	11.9%	21	63.6%	502	64	17	23	\N	13	68.4%	77	48.4%	14	31.8%	1	12	23	39	10	1	4	1532
483	https://www.fotmob.com/players/1467862/ramiro-degregorio	\N	\N	\N	\N	\N	\N	\N	\N	\N	\N	\N	\N	\N	\N	\N	\N	\N	\N	\N	\N	\N	\N	\N	\N	\N	\N	\N	\N	\N	\N	\N	\N	\N	\N	\N	\N	\N	\N	\N	\N	\N	\N	\N	\N	\N	\N	710
484	https://www.fotmob.com/players/1717471/francisco-fraga	\N	\N	\N	\N	\N	\N	\N	\N	\N	\N	\N	\N	\N	\N	\N	\N	\N	\N	\N	\N	\N	\N	\N	\N	\N	\N	\N	\N	\N	\N	\N	\N	\N	\N	\N	\N	\N	\N	\N	\N	\N	\N	\N	\N	\N	\N	711
485	https://www.fotmob.com/players/514296/adrian-balboa	\N	\N	\N	\N	\N	\N	\N	\N	\N	\N	\N	3	3.59	2.26	\N	20	5	0	0.05	47	53.4%	\N	\N	1	\N	\N	3	27.3%	200	36	11	9	\N	8	72.7%	44	39.6%	21	41.2%	1	6	17	11	5	3	2	712
486	https://www.fotmob.com/players/882933/adrian-martinez	\N	\N	\N	\N	\N	\N	\N	\N	\N	\N	\N	9	6.21	7.89	\N	33	15	1	0.71	118	70.7%	4	66.7%	11	1	16.7%	7	70.0%	318	83	13	17	\N	2	66.7%	44	40.4%	17	41.5%	4	8	20	27	5	5	5	713
487	https://www.fotmob.com/players/306529/ignacio-arce	\N	50	83.3%	10	5.05	12	1	36	\N	\N	\N	\N	\N	\N	\N	\N	\N	\N	\N	\N	46.7%	208	40.9%	\N	\N	\N	\N	\N	\N	\N	\N	\N	\N	\N	\N	\N	\N	\N	\N	\N	\N	\N	\N	\N	\N	2	715
488	https://www.fotmob.com/players/1243604/nahuel-manganelli	\N	\N	\N	\N	\N	\N	\N	\N	\N	\N	\N	\N	\N	\N	\N	\N	\N	\N	\N	\N	\N	\N	\N	\N	\N	\N	\N	\N	\N	\N	\N	\N	\N	\N	\N	\N	\N	\N	\N	\N	\N	\N	\N	\N	\N	\N	716
489	https://www.fotmob.com/players/1626280/jaime-barcelo	\N	\N	\N	\N	\N	\N	\N	\N	\N	\N	\N	\N	\N	\N	\N	\N	\N	\N	\N	\N	\N	\N	\N	\N	\N	\N	\N	\N	\N	\N	\N	\N	\N	\N	\N	\N	\N	\N	\N	\N	\N	\N	\N	\N	\N	\N	717
490	https://www.fotmob.com/players/1707104/juan-carlos-rolon	\N	\N	\N	\N	\N	\N	\N	\N	\N	\N	\N	\N	\N	\N	\N	\N	\N	\N	\N	\N	\N	\N	\N	\N	\N	\N	\N	\N	\N	\N	\N	\N	\N	\N	\N	\N	\N	\N	\N	\N	\N	\N	\N	\N	\N	\N	718
491	https://www.fotmob.com/players/801026/yaison-murillo-mena	\N	\N	\N	\N	\N	\N	\N	\N	\N	\N	\N	\N	\N	\N	\N	\N	\N	\N	\N	\N	\N	\N	\N	\N	\N	\N	\N	\N	\N	\N	\N	\N	\N	\N	\N	\N	\N	\N	\N	\N	\N	\N	\N	\N	\N	\N	719
492	https://www.fotmob.com/players/492640/juan-cruz-randazzo	\N	\N	\N	\N	\N	\N	\N	\N	\N	\N	\N	1	0.58	0.50	\N	2	1	0	0.04	38	55.9%	12	40.0%	2	\N	\N	\N	\N	142	3	0	4	\N	2	40.0%	20	52.6%	12	60.0%	1	\N	8	2	\N	1	2	720
493	https://www.fotmob.com/players/615905	\N	\N	\N	\N	\N	\N	\N	\N	\N	\N	\N	0	0.39	0.53	\N	6	1	0	0.17	129	62.6%	17	25.4%	1	\N	\N	2	25.0%	476	10	3	3	\N	18	56.2%	68	50.4%	32	52.5%	11	2	18	51	2	11	5	721
585	https://www.fotmob.com/players/1709842/valentin-escalante	\N	\N	\N	\N	\N	\N	\N	\N	\N	\N	\N	\N	\N	\N	\N	\N	\N	\N	\N	\N	\N	\N	\N	\N	\N	\N	\N	\N	\N	\N	\N	\N	\N	\N	\N	\N	\N	\N	\N	\N	\N	\N	\N	\N	\N	\N	815
494	https://www.fotmob.com/players/752875/nicolas-sansotre	\N	\N	\N	\N	\N	\N	\N	\N	\N	\N	\N	1	0.40	0.35	\N	9	2	2	0.47	130	53.9%	13	20.6%	4	4	19.0%	2	28.6%	492	12	5	2	\N	14	63.6%	44	55.7%	18	58.1%	8	3	4	47	7	8	0	722
495	https://www.fotmob.com/players/922280/eric-tovo	\N	\N	\N	\N	\N	\N	\N	\N	\N	\N	\N	0	\N	\N	\N	0	\N	0	0.03	10	37.0%	2	25.0%	\N	\N	\N	\N	\N	58	5	0	\N	\N	1	100.0%	11	64.7%	10	66.7%	4	\N	1	6	\N	1	0	1545
496	https://www.fotmob.com/players/988820/nicolas-caro-torres	\N	\N	\N	\N	\N	\N	\N	\N	\N	\N	\N	\N	\N	\N	\N	\N	\N	\N	\N	\N	\N	\N	\N	\N	\N	\N	\N	\N	\N	\N	\N	\N	\N	\N	\N	\N	\N	\N	\N	\N	\N	\N	\N	\N	\N	\N	724
497	https://www.fotmob.com/players/1242308/rodrigo-cavallera	\N	\N	\N	\N	\N	\N	\N	\N	\N	\N	\N	\N	\N	\N	\N	\N	\N	\N	\N	\N	\N	\N	\N	\N	\N	\N	\N	\N	\N	\N	\N	\N	\N	\N	\N	\N	\N	\N	\N	\N	\N	\N	\N	\N	\N	\N	725
498	https://www.fotmob.com/players/1380869/facundo-mino	\N	\N	\N	\N	\N	\N	\N	\N	\N	\N	\N	0	0.26	\N	\N	2	\N	0	0.04	54	49.1%	11	24.4%	\N	1	100.0%	1	100.0%	260	4	1	6	\N	11	73.3%	44	57.1%	23	74.2%	10	\N	20	13	\N	4	4	726
499	https://www.fotmob.com/players/1606955/nehuen-montoya	\N	\N	\N	\N	\N	\N	\N	\N	\N	\N	\N	\N	\N	\N	\N	\N	\N	\N	\N	\N	\N	\N	\N	\N	\N	\N	\N	\N	\N	\N	\N	\N	\N	\N	\N	\N	\N	\N	\N	\N	\N	\N	\N	\N	\N	\N	727
500	https://www.fotmob.com/players/1221038/rodrigo-gallo	\N	\N	\N	\N	\N	\N	\N	\N	\N	\N	\N	0	0.22	\N	\N	2	\N	0	0.11	45	45.9%	21	31.8%	1	2	14.3%	1	100.0%	185	1	0	1	\N	5	71.4%	18	51.4%	10	47.6%	8	2	4	13	\N	2	3	728
501	https://www.fotmob.com/players/1441625/diego-mastrangelo	\N	\N	\N	\N	\N	\N	\N	\N	\N	\N	\N	0	\N	\N	\N	0	\N	0	0.04	7	63.6%	2	100.0%	\N	1	25.0%	\N	\N	41	\N	1	1	\N	1	100.0%	3	27.3%	1	25.0%	\N	\N	3	2	1	\N	1	729
502	https://www.fotmob.com/players/890218/rodrigo-sayavedra	\N	\N	\N	\N	\N	\N	\N	\N	\N	\N	\N	0	\N	\N	\N	0	\N	0	0.62	45	54.9%	13	37.1%	3	1	14.3%	4	66.7%	182	\N	2	5	\N	8	88.9%	20	52.6%	2	50.0%	3	\N	5	15	\N	8	2	730
503	https://www.fotmob.com/players/1200663	\N	\N	\N	\N	\N	\N	\N	\N	\N	\N	\N	0	1.10	1.25	\N	4	2	0	0.75	103	51.2%	8	18.6%	4	1	9.1%	15	48.4%	512	17	20	9	\N	20	58.8%	73	50.0%	16	55.2%	20	1	16	57	3	9	6	731
504	https://www.fotmob.com/players/394125/milton-aaron-celiz	\N	\N	\N	\N	\N	\N	\N	\N	\N	\N	\N	1	2.47	2.16	\N	17	6	0	0.82	229	59.2%	17	30.4%	3	2	14.3%	13	38.2%	737	29	29	35	\N	25	62.5%	126	44.8%	38	47.5%	21	6	41	85	10	27	9	732
505	https://www.fotmob.com/players/787293/gonzalo-bravo	\N	\N	\N	\N	\N	\N	\N	\N	\N	\N	\N	0	0.37	1.39	\N	4	3	0	0.07	13	65.0%	\N	\N	\N	\N	\N	1	50.0%	48	12	0	2	\N	2	100.0%	5	35.7%	\N	\N	2	\N	1	5	3	2	0	733
506	https://www.fotmob.com/players/886335/mateo-ramirez	\N	\N	\N	\N	\N	\N	\N	\N	\N	\N	\N	\N	\N	\N	\N	\N	\N	\N	\N	\N	\N	\N	\N	\N	\N	\N	\N	\N	\N	\N	\N	\N	\N	\N	\N	\N	\N	\N	\N	\N	\N	\N	\N	\N	\N	\N	734
507	https://www.fotmob.com/players/902983/yonatan-goitia	\N	\N	\N	\N	\N	\N	\N	\N	\N	\N	\N	0	0.20	0.02	\N	6	1	1	0.50	129	54.4%	9	15.5%	5	2	20.0%	1	20.0%	426	2	9	6	\N	15	51.7%	48	47.5%	12	52.2%	19	\N	19	36	6	12	1	735
508	https://www.fotmob.com/players/1385885/sergio-ortiz	\N	\N	\N	\N	\N	\N	\N	\N	\N	\N	\N	\N	\N	\N	\N	\N	\N	\N	\N	\N	\N	\N	\N	\N	\N	\N	\N	\N	\N	\N	\N	\N	\N	\N	\N	\N	\N	\N	\N	\N	\N	\N	\N	\N	\N	\N	736
509	https://www.fotmob.com/players/1435010/mario-sanabria	\N	\N	\N	\N	\N	\N	\N	\N	\N	\N	\N	0	0.24	\N	\N	2	\N	1	0.49	36	58.1%	\N	\N	6	6	37.5%	5	38.5%	154	17	7	5	\N	4	57.1%	23	41.1%	6	46.2%	1	\N	6	21	2	5	2	737
510	https://www.fotmob.com/players/1605853/pablo-monje	\N	\N	\N	\N	\N	\N	\N	\N	\N	\N	\N	0	0.18	\N	\N	1	\N	0	0.33	77	53.1%	5	19.2%	3	1	25.0%	\N	\N	262	2	3	1	\N	12	70.6%	36	51.4%	18	62.1%	11	\N	10	30	2	8	0	738
511	https://www.fotmob.com/players/604130/leonardo-landriel	\N	\N	\N	\N	\N	\N	\N	\N	\N	\N	\N	0	\N	\N	\N	0	\N	1	0.10	18	54.5%	1	33.3%	3	2	66.7%	1	33.3%	65	2	2	2	\N	1	33.3%	8	40.0%	2	40.0%	3	\N	2	6	2	3	1	739
512	https://www.fotmob.com/players/1451719	\N	\N	\N	\N	\N	\N	\N	\N	\N	\N	\N	\N	\N	\N	\N	\N	\N	\N	\N	\N	\N	\N	\N	\N	\N	\N	\N	\N	\N	\N	\N	\N	\N	\N	\N	\N	\N	\N	\N	\N	\N	\N	\N	\N	\N	\N	740
513	https://www.fotmob.com/players/1441888/mariano-bracamonte	\N	\N	\N	\N	\N	\N	\N	\N	\N	\N	\N	0	0.06	\N	\N	2	\N	0	0.61	43	42.6%	12	27.9%	6	7	23.3%	2	40.0%	299	1	3	6	\N	15	75.0%	38	55.9%	10	76.9%	9	1	12	25	1	9	2	741
514	https://www.fotmob.com/players/848187/brian-sanchez	\N	\N	\N	\N	\N	\N	\N	\N	\N	\N	\N	0	0.55	0.49	\N	5	2	0	0.71	135	66.8%	4	26.7%	5	\N	\N	16	61.5%	354	19	15	10	\N	11	57.9%	49	47.1%	4	30.8%	8	1	8	35	3	13	2	742
515	https://www.fotmob.com/players/1435216/ariel-munoz	\N	\N	\N	\N	\N	\N	\N	\N	\N	\N	\N	\N	\N	\N	\N	\N	\N	\N	\N	\N	\N	\N	\N	\N	\N	\N	\N	\N	\N	\N	\N	\N	\N	\N	\N	\N	\N	\N	\N	\N	\N	\N	\N	\N	\N	\N	743
516	https://www.fotmob.com/players/1514703/mauro-vargas	\N	\N	\N	\N	\N	\N	\N	\N	\N	\N	\N	\N	\N	\N	\N	\N	\N	\N	\N	\N	\N	\N	\N	\N	\N	\N	\N	\N	\N	\N	\N	\N	\N	\N	\N	\N	\N	\N	\N	\N	\N	\N	\N	\N	\N	\N	744
517	https://www.fotmob.com/players/1458284	\N	\N	\N	\N	\N	\N	\N	\N	\N	\N	\N	\N	\N	\N	\N	\N	\N	\N	\N	\N	\N	\N	\N	\N	\N	\N	\N	\N	\N	\N	\N	\N	\N	\N	\N	\N	\N	\N	\N	\N	\N	\N	\N	\N	\N	\N	745
518	https://www.fotmob.com/players/974948/jonathan-herrera	\N	\N	\N	\N	\N	\N	\N	\N	\N	\N	\N	2	\N	\N	\N	4	3	1	\N	61	79.2%	4	66.7%	1	\N	\N	6	60.0%	126	12	7	3	\N	2	66.7%	13	39.4%	1	20.0%	1	1	4	10	2	1	0	746
519	https://www.fotmob.com/players/742643/assist-nicolas-benegas	\N	\N	\N	\N	\N	\N	\N	\N	\N	\N	\N	2	2.27	2.28	\N	23	4	3	2.45	141	56.2%	12	54.5%	14	3	25.0%	16	53.3%	474	48	22	11	\N	5	50.0%	84	37.3%	47	41.2%	1	7	37	29	8	5	4	747
520	https://www.fotmob.com/players/834936/braian-guille	\N	\N	\N	\N	\N	\N	\N	\N	\N	\N	\N	\N	\N	\N	\N	\N	\N	\N	\N	\N	\N	\N	\N	\N	\N	\N	\N	\N	\N	\N	\N	\N	\N	\N	\N	\N	\N	\N	\N	\N	\N	\N	\N	\N	\N	\N	748
521	https://www.fotmob.com/players/962674/alexander-diaz	\N	\N	\N	\N	\N	\N	\N	\N	\N	\N	\N	0	0.31	0.09	\N	6	1	1	0.29	51	56.7%	6	66.7%	4	3	17.6%	7	43.8%	215	14	9	16	\N	4	80.0%	42	42.0%	14	31.8%	1	1	7	22	4	6	0	749
522	https://www.fotmob.com/players/1021588/antony-alonso	\N	\N	\N	\N	\N	\N	\N	\N	\N	\N	\N	4	1.43	1.89	\N	12	7	2	0.61	54	55.7%	3	30.0%	8	1	20.0%	3	42.9%	195	24	7	4	1	4	40.0%	26	34.2%	9	40.9%	2	1	9	25	3	18	1	750
523	https://www.fotmob.com/players/1345056/franco-fagundez	\N	\N	\N	\N	\N	\N	\N	\N	\N	\N	\N	2	1.13	1.50	\N	29	10	1	2.51	317	82.1%	27	62.8%	22	20	32.3%	15	45.5%	638	5	13	17	\N	16	64.0%	66	52.0%	9	50.0%	4	10	7	46	3	15	5	751
524	https://www.fotmob.com/players/206758/franco-armani	\N	43	82.7%	9	6.73	10	2	6	\N	\N	\N	\N	\N	\N	\N	\N	\N	\N	\N	\N	75.9%	63	46.3%	\N	\N	\N	\N	\N	\N	\N	\N	\N	\N	\N	\N	\N	\N	\N	\N	\N	\N	\N	\N	\N	\N	0	753
525	https://www.fotmob.com/players/486981/jeremias-ledesma	\N	\N	\N	\N	\N	\N	\N	\N	\N	\N	\N	\N	\N	\N	\N	\N	\N	\N	\N	\N	\N	\N	\N	\N	\N	\N	\N	\N	\N	\N	\N	\N	\N	\N	\N	\N	\N	\N	\N	\N	\N	\N	\N	\N	\N	\N	754
526	https://www.fotmob.com/players/1477564/lucas-lavagnino	\N	\N	\N	\N	\N	\N	\N	\N	\N	\N	\N	\N	\N	\N	\N	\N	\N	\N	\N	\N	\N	\N	\N	\N	\N	\N	\N	\N	\N	\N	\N	\N	\N	\N	\N	\N	\N	\N	\N	\N	\N	\N	\N	\N	\N	\N	755
527	https://www.fotmob.com/players/687008/gonzalo-montiel	\N	\N	\N	\N	\N	\N	\N	\N	\N	\N	\N	1	1.28	1.19	\N	6	2	4	1.91	431	79.8%	14	32.6%	15	11	30.6%	4	50.0%	800	33	6	7	\N	15	78.9%	47	61.0%	18	58.1%	12	\N	4	48	3	4	1	1577
528	https://www.fotmob.com/players/798148/fabricio-bustos	\N	\N	\N	\N	\N	\N	\N	\N	\N	\N	\N	0	0.49	0.21	\N	5	1	0	0.32	244	79.7%	12	44.4%	9	2	12.5%	1	11.1%	463	7	0	2	\N	10	71.4%	24	52.2%	7	70.0%	4	\N	7	24	3	4	1	757
529	https://www.fotmob.com/players/186991/german-pezzela	\N	\N	\N	\N	\N	\N	\N	\N	\N	\N	\N	0	0.49	0.25	\N	9	4	0	0.08	588	89.0%	50	56.2%	1	\N	\N	1	50.0%	817	14	1	5	\N	7	63.6%	56	66.7%	39	66.1%	15	1	6	39	1	1	3	758
530	https://www.fotmob.com/players/256609/leandro-gonzalez-pirez	\N	\N	\N	\N	\N	\N	\N	\N	\N	\N	\N	0	0.03	0.02	\N	1	1	0	0.01	119	90.2%	10	55.6%	\N	\N	\N	\N	\N	157	1	0	2	\N	2	66.7%	9	75.0%	4	100.0%	2	\N	3	8	\N	\N	2	759
531	https://www.fotmob.com/players/447556/paulo-diaz	\N	\N	\N	\N	\N	\N	\N	\N	\N	\N	\N	1	0.82	1.27	\N	8	3	0	0.11	468	86.0%	57	62.0%	3	\N	\N	1	100.0%	678	9	2	6	\N	8	66.7%	73	70.9%	54	71.1%	6	1	4	51	\N	2	1	760
532	https://www.fotmob.com/players/638771/lucas-martinez-quarta	\N	\N	\N	\N	\N	\N	\N	\N	\N	\N	\N	1	0.69	1.49	\N	11	7	0	0.37	583	84.4%	69	58.0%	5	\N	\N	3	37.5%	867	16	4	7	\N	15	57.7%	84	64.6%	48	66.7%	15	1	11	61	2	2	5	761
533	https://www.fotmob.com/players/956291/federico-gattoni	\N	\N	\N	\N	\N	\N	\N	\N	\N	\N	\N	\N	\N	\N	\N	\N	\N	\N	\N	\N	\N	\N	\N	\N	\N	\N	\N	\N	\N	\N	\N	\N	\N	\N	\N	\N	\N	\N	\N	\N	\N	\N	\N	\N	\N	\N	762
534	https://www.fotmob.com/players/174813/milton-casco	\N	\N	\N	\N	\N	\N	\N	\N	\N	\N	\N	0	0.15	0.07	\N	3	1	1	0.25	188	81.7%	14	45.2%	6	2	28.6%	1	50.0%	335	4	2	4	\N	5	62.5%	18	45.0%	5	35.7%	4	1	4	28	1	6	0	763
535	https://www.fotmob.com/players/561187/marcos-acuna	\N	\N	\N	\N	\N	\N	\N	\N	\N	\N	\N	1	0.47	0.19	\N	14	3	1	1.97	529	82.0%	34	48.6%	26	31	36.5%	9	47.4%	1,000	11	14	15	\N	14	77.8%	61	46.9%	19	50.0%	16	5	17	87	4	10	4	764
536	https://www.fotmob.com/players/412762/claudio-matias-kranevitter	\N	\N	\N	\N	\N	\N	\N	\N	\N	\N	\N	0	0.02	\N	\N	1	\N	0	0.03	87	82.1%	3	27.3%	\N	\N	\N	2	66.7%	131	\N	0	1	\N	2	28.6%	20	50.0%	10	50.0%	2	1	7	10	\N	2	1	765
537	https://www.fotmob.com/players/921603/giuliano-galoppo	\N	\N	\N	\N	\N	\N	\N	\N	\N	\N	\N	0	0.46	0.07	\N	12	3	0	0.48	204	73.6%	14	50.0%	5	2	50.0%	4	44.4%	385	10	7	10	1	10	58.8%	43	55.1%	14	82.4%	4	4	17	28	4	5	2	772
630	https://www.fotmob.com/players/1513003/thyago-ayala	\N	3	100.0%	0	0.49	1	0	\N	\N	\N	\N	\N	\N	\N	\N	\N	\N	\N	\N	\N	36.0%	8	33.3%	\N	\N	\N	\N	\N	\N	\N	\N	\N	\N	\N	\N	\N	\N	\N	\N	\N	\N	\N	\N	\N	\N	0	862
538	https://www.fotmob.com/players/1208803/santiago-simon	\N	\N	\N	\N	\N	\N	\N	\N	\N	\N	\N	0	0.36	\N	\N	5	\N	0	0.35	238	78.0%	13	54.2%	7	2	11.1%	7	50.0%	418	7	8	5	\N	13	59.1%	39	54.2%	5	71.4%	3	2	8	33	\N	8	0	766
539	https://www.fotmob.com/players/40148/enzo-perez	\N	\N	\N	\N	\N	\N	\N	\N	\N	\N	\N	0	\N	\N	\N	0	\N	0	0.29	659	87.5%	36	65.5%	5	\N	\N	2	40.0%	916	\N	5	18	\N	27	77.1%	88	62.9%	33	66.0%	33	\N	20	64	4	8	4	767
540	https://www.fotmob.com/players/229816/ignacio-fernandez	\N	\N	\N	\N	\N	\N	\N	\N	\N	\N	\N	2	0.16	0.84	\N	2	2	1	0.63	153	81.8%	8	44.4%	6	2	33.3%	3	30.0%	249	6	1	7	\N	4	40.0%	21	45.7%	1	20.0%	2	\N	6	22	1	7	1	768
541	https://www.fotmob.com/players/469616/maximiliano-meza	\N	\N	\N	\N	\N	\N	\N	\N	\N	\N	\N	0	1.00	0.32	\N	18	4	1	0.71	394	82.3%	38	60.3%	15	1	5.3%	13	56.5%	667	9	10	22	\N	16	64.0%	82	59.0%	22	57.9%	1	8	16	37	1	6	4	769
542	https://www.fotmob.com/players/618716/rodrigo-aliendro	\N	\N	\N	\N	\N	\N	\N	\N	\N	\N	\N	1	1.24	1.40	\N	10	3	0	0.58	218	79.9%	12	63.2%	7	2	33.3%	1	14.3%	390	17	10	8	\N	12	70.6%	31	40.3%	5	35.7%	3	2	10	17	1	12	2	770
543	https://www.fotmob.com/players/623641/matias-rojas	\N	\N	\N	\N	\N	\N	\N	\N	\N	\N	\N	\N	\N	\N	\N	\N	\N	\N	\N	\N	\N	\N	\N	\N	\N	\N	\N	\N	\N	\N	\N	\N	\N	\N	\N	\N	\N	\N	\N	\N	\N	\N	\N	\N	\N	\N	1593
544	https://www.fotmob.com/players/1434853/kevin-castano	\N	\N	\N	\N	\N	\N	\N	\N	\N	\N	\N	0	0.10	0.04	\N	6	1	1	0.46	327	87.2%	22	57.9%	9	5	45.5%	1	33.3%	460	2	8	8	\N	1	12.5%	24	43.6%	7	77.8%	4	3	14	37	1	5	4	773
545	https://www.fotmob.com/players/1727514/giorgio-costantini	\N	\N	\N	\N	\N	\N	\N	\N	\N	\N	\N	\N	\N	\N	\N	\N	\N	\N	\N	\N	\N	\N	\N	\N	\N	\N	\N	\N	\N	\N	\N	\N	\N	\N	\N	\N	\N	\N	\N	\N	\N	\N	\N	\N	\N	\N	774
546	https://www.fotmob.com/players/210276/manuel-lanzini	\N	\N	\N	\N	\N	\N	\N	\N	\N	\N	\N	0	0.56	0.16	\N	8	2	0	1.22	168	84.4%	4	44.4%	7	7	70.0%	6	37.5%	280	13	5	7	1	3	60.0%	18	39.1%	\N	\N	3	3	6	17	1	5	0	775
547	https://www.fotmob.com/players/510698/sebastian-driussi	\N	\N	\N	\N	\N	\N	\N	\N	\N	\N	\N	3	2.83	2.87	\N	21	7	1	0.90	198	75.3%	7	58.3%	6	1	7.7%	10	55.6%	428	29	21	17	\N	10	83.3%	43	38.7%	4	12.9%	\N	8	9	30	7	3	2	776
548	https://www.fotmob.com/players/1607566/franco-mastantuono	\N	\N	\N	\N	\N	\N	\N	\N	\N	\N	\N	3	2.86	3.71	\N	43	15	4	2.09	317	78.5%	19	73.1%	27	11	23.4%	36	51.4%	710	50	25	16	\N	3	33.3%	69	43.4%	8	40.0%	1	10	15	39	12	6	4	777
549	https://www.fotmob.com/players/1666511/santiago-lencinas	\N	\N	\N	\N	\N	\N	\N	\N	\N	\N	\N	0	\N	\N	\N	0	\N	0	0.13	21	75.0%	1	50.0%	1	\N	\N	\N	\N	38	3	1	\N	\N	\N	\N	2	50.0%	\N	\N	\N	\N	\N	2	1	\N	0	778
550	https://www.fotmob.com/players/585907/gonzalo-martinez	\N	\N	\N	\N	\N	\N	\N	\N	\N	\N	\N	0	0.45	0.63	\N	11	2	1	0.96	89	75.4%	11	78.6%	6	3	12.5%	7	41.2%	227	15	4	15	\N	\N	\N	22	48.9%	\N	\N	3	2	8	17	1	2	0	1600
551	https://www.fotmob.com/players/1582679/ian-subiabre	\N	\N	\N	\N	\N	\N	\N	\N	\N	\N	\N	1	0.31	1.16	\N	6	3	0	0.27	59	78.7%	4	80.0%	3	1	20.0%	7	28.0%	149	16	6	3	\N	2	100.0%	13	28.3%	1	25.0%	1	1	3	20	2	3	1	780
552	https://www.fotmob.com/players/281995/miguel-borja	\N	\N	\N	\N	\N	\N	\N	\N	\N	\N	\N	5	7.84	8.61	\N	31	18	1	0.60	123	61.8%	9	64.3%	16	4	66.7%	6	40.0%	364	65	13	8	\N	3	42.9%	46	35.9%	25	32.1%	1	2	11	16	\N	\N	3	781
553	https://www.fotmob.com/players/949735	\N	\N	\N	\N	\N	\N	\N	\N	\N	\N	\N	4	3.17	3.18	\N	29	11	0	1.92	255	76.8%	8	66.7%	18	2	13.3%	13	39.4%	567	46	26	26	\N	9	64.3%	71	47.0%	18	42.9%	2	8	7	37	9	6	2	782
554	https://www.fotmob.com/players/1108614/gonzalo-tapia	\N	\N	\N	\N	\N	\N	\N	\N	\N	\N	\N	0	0.69	0.77	\N	6	2	0	0.05	13	48.1%	\N	\N	1	\N	\N	1	100.0%	60	9	2	3	\N	\N	\N	14	50.0%	10	66.7%	\N	\N	6	4	1	1	1	783
555	https://www.fotmob.com/players/1580546/agustin-ruberto	\N	\N	\N	\N	\N	\N	\N	\N	\N	\N	\N	\N	\N	\N	\N	\N	\N	\N	\N	\N	\N	\N	\N	\N	\N	\N	\N	\N	\N	\N	\N	\N	\N	\N	\N	\N	\N	\N	\N	\N	\N	\N	\N	\N	\N	\N	1605
556	https://www.fotmob.com/players/561146/jose-devecchi	\N	\N	\N	\N	\N	\N	\N	\N	\N	\N	\N	\N	\N	\N	\N	\N	\N	\N	\N	\N	\N	\N	\N	\N	\N	\N	\N	\N	\N	\N	\N	\N	\N	\N	\N	\N	\N	\N	\N	\N	\N	\N	\N	\N	\N	\N	786
557	https://www.fotmob.com/players/636982/facundo-altamirano	\N	22	66.7%	11	0.31	2	1	3	\N	\N	\N	\N	\N	\N	\N	\N	\N	\N	\N	\N	67.4%	37	33.6%	\N	\N	\N	\N	\N	\N	\N	\N	\N	\N	\N	\N	\N	\N	\N	\N	\N	\N	\N	\N	\N	\N	0	1607
558	https://www.fotmob.com/players/1339670/mateo-clemente	\N	1	50.0%	1	-0.69	0	0	\N	\N	\N	\N	\N	\N	\N	\N	\N	\N	\N	\N	\N	90.0%	3	75.0%	\N	\N	\N	\N	\N	\N	\N	\N	\N	\N	\N	\N	\N	\N	\N	\N	\N	\N	\N	\N	\N	\N	0	788
559	https://www.fotmob.com/players/1683391/orlando-gill	\N	45	80.4%	11	2.69	9	0	10	\N	\N	\N	\N	\N	\N	\N	\N	\N	\N	\N	\N	50.9%	100	33.9%	\N	\N	\N	\N	\N	\N	\N	\N	\N	\N	\N	\N	\N	\N	\N	\N	\N	\N	\N	\N	\N	\N	0	789
560	https://www.fotmob.com/players/1130840/agustin-peralta	\N	\N	\N	\N	\N	\N	\N	\N	\N	\N	\N	\N	\N	\N	\N	\N	\N	\N	\N	\N	\N	\N	\N	\N	\N	\N	\N	\N	\N	\N	\N	\N	\N	\N	\N	\N	\N	\N	\N	\N	\N	\N	\N	\N	\N	\N	790
561	https://www.fotmob.com/players/1353126/ezequiel-herrera	\N	\N	\N	\N	\N	\N	\N	\N	\N	\N	\N	0	0.32	\N	\N	6	\N	0	0.37	284	70.0%	21	27.6%	6	6	27.3%	12	54.5%	796	4	8	17	\N	24	77.4%	74	57.4%	14	51.9%	17	\N	19	56	4	5	5	791
562	https://www.fotmob.com/en-GB/players/1452131/fabricio-lopez	\N	\N	\N	\N	\N	\N	\N	\N	\N	\N	\N	0	\N	\N	\N	0	\N	0	0.02	47	82.5%	2	33.3%	\N	1	33.3%	1	100.0%	91	\N	2	2	\N	1	50.0%	7	70.0%	2	100.0%	\N	\N	\N	5	\N	1	0	792
563	https://www.fotmob.com/players/1513336/nahuel-arias	\N	\N	\N	\N	\N	\N	\N	\N	\N	\N	\N	0	0.19	0.12	\N	3	1	0	0.09	154	71.3%	30	50.0%	3	1	8.3%	5	50.0%	394	8	4	3	\N	10	52.6%	35	55.6%	8	57.1%	12	\N	9	34	\N	4	2	793
564	https://www.fotmob.com/players/467969/nery-dominguez	\N	\N	\N	\N	\N	\N	\N	\N	\N	\N	\N	0	\N	\N	\N	0	\N	0	0.12	76	65.0%	6	21.4%	\N	\N	\N	\N	\N	160	4	1	1	\N	6	85.7%	17	70.8%	9	90.0%	3	\N	3	14	\N	2	1	794
565	https://www.fotmob.com/players/1133142/jhohan-romana	\N	\N	\N	\N	\N	\N	\N	\N	\N	\N	\N	0	0.66	0.15	\N	3	1	0	0.27	416	84.2%	35	51.5%	3	\N	\N	5	71.4%	722	9	8	22	\N	23	67.6%	103	72.0%	43	68.3%	15	\N	9	53	1	3	7	795
566	https://www.fotmob.com/players/1144961/gaston-hernandez	\N	\N	\N	\N	\N	\N	\N	\N	\N	\N	\N	0	0.12	\N	\N	1	\N	0	0.07	343	87.3%	21	45.7%	2	\N	\N	3	60.0%	489	3	0	5	\N	5	55.6%	33	56.9%	16	57.1%	12	\N	9	22	\N	3	1	796
567	https://www.fotmob.com/players/1631575/daniel-herrera	\N	\N	\N	\N	\N	\N	\N	\N	\N	\N	\N	0	0.53	\N	\N	6	\N	0	0.32	262	79.9%	37	48.7%	2	\N	\N	2	66.7%	500	11	3	3	\N	11	64.7%	44	53.7%	22	53.7%	15	\N	10	22	\N	5	2	797
568	https://www.fotmob.com/players/1685377/ramiro-pedroza	\N	\N	\N	\N	\N	\N	\N	\N	\N	\N	\N	\N	\N	\N	\N	\N	\N	\N	\N	\N	\N	\N	\N	\N	\N	\N	\N	\N	\N	\N	\N	\N	\N	\N	\N	\N	\N	\N	\N	\N	\N	\N	\N	\N	\N	\N	798
569	https://www.fotmob.com/players/1689231/maximiliano-zelaya	\N	\N	\N	\N	\N	\N	\N	\N	\N	\N	\N	\N	\N	\N	\N	\N	\N	\N	\N	\N	\N	\N	\N	\N	\N	\N	\N	\N	\N	\N	\N	\N	\N	\N	\N	\N	\N	\N	\N	\N	\N	\N	\N	\N	\N	\N	799
570	https://www.fotmob.com/players/1729352/teo-pagano	\N	\N	\N	\N	\N	\N	\N	\N	\N	\N	\N	\N	\N	\N	\N	\N	\N	\N	\N	\N	\N	\N	\N	\N	\N	\N	\N	\N	\N	\N	\N	\N	\N	\N	\N	\N	\N	\N	\N	\N	\N	\N	\N	\N	\N	\N	1620
571	https://www.fotmob.com/players/1737755/alejo-cordoba	\N	\N	\N	\N	\N	\N	\N	\N	\N	\N	\N	\N	\N	\N	\N	\N	\N	\N	\N	\N	\N	\N	\N	\N	\N	\N	\N	\N	\N	\N	\N	\N	\N	\N	\N	\N	\N	\N	\N	\N	\N	\N	\N	\N	\N	\N	801
572	https://www.fotmob.com/players/1751917/lautaro-montenegro	\N	\N	\N	\N	\N	\N	\N	\N	\N	\N	\N	\N	\N	\N	\N	\N	\N	\N	\N	\N	\N	\N	\N	\N	\N	\N	\N	\N	\N	\N	\N	\N	\N	\N	\N	\N	\N	\N	\N	\N	\N	\N	\N	\N	\N	\N	802
573	https://www.fotmob.com/players/938003/malcom-braida	\N	\N	\N	\N	\N	\N	\N	\N	\N	\N	\N	2	1.85	2.53	\N	25	15	1	1.03	243	64.5%	25	49.0%	16	7	18.4%	27	45.8%	757	39	33	41	\N	19	54.3%	126	53.2%	23	47.9%	12	1	12	67	8	9	2	803
574	https://www.fotmob.com/players/1513339/elias-baez	\N	\N	\N	\N	\N	\N	\N	\N	\N	\N	\N	0	0.29	0.26	\N	11	3	1	0.68	357	66.9%	37	34.9%	10	9	32.1%	12	44.4%	1,010	15	11	12	\N	26	66.7%	96	54.9%	34	64.2%	18	4	18	59	3	16	3	804
575	https://www.fotmob.com/players/616153/nicolas-tripichio	\N	\N	\N	\N	\N	\N	\N	\N	\N	\N	\N	0	0.13	\N	\N	2	\N	0	0.57	389	82.8%	24	43.6%	3	1	14.3%	6	46.2%	640	6	10	17	\N	17	53.1%	70	56.9%	16	53.3%	10	\N	9	63	3	13	3	805
576	https://www.fotmob.com/players/1378855/elian-irala	\N	\N	\N	\N	\N	\N	\N	\N	\N	\N	\N	0	0.40	0.11	\N	10	1	0	0.31	446	81.7%	32	53.3%	8	2	16.7%	9	50.0%	796	2	20	17	\N	12	48.0%	69	47.6%	19	52.8%	32	5	13	87	2	17	5	806
577	https://www.fotmob.com/players/1737756/ignacio-perruzzi	\N	\N	\N	\N	\N	\N	\N	\N	\N	\N	\N	0	0.02	0.14	\N	1	1	0	0.03	61	91.0%	2	100.0%	\N	\N	\N	\N	\N	81	\N	0	2	\N	3	75.0%	8	57.1%	2	50.0%	2	\N	3	6	1	2	0	807
578	https://www.fotmob.com/players/560954/emanuel-cecchini	\N	\N	\N	\N	\N	\N	\N	\N	\N	\N	\N	1	0.28	0.92	\N	5	2	0	0.11	224	80.6%	16	55.2%	3	\N	\N	1	50.0%	365	2	5	8	\N	6	42.9%	30	38.0%	7	35.0%	3	\N	16	30	3	14	3	808
579	https://www.fotmob.com/players/972814/manuel-insaurralde	\N	\N	\N	\N	\N	\N	\N	\N	\N	\N	\N	\N	\N	\N	\N	\N	\N	\N	\N	\N	\N	\N	\N	\N	\N	\N	\N	\N	\N	\N	\N	\N	\N	\N	\N	\N	\N	\N	\N	\N	\N	\N	\N	\N	\N	\N	809
580	https://www.fotmob.com/players/1215717/diego-calcaterra	\N	\N	\N	\N	\N	\N	\N	\N	\N	\N	\N	0	0.07	\N	\N	1	\N	0	0.06	22	66.7%	2	50.0%	4	\N	\N	\N	\N	45	6	1	3	\N	1	100.0%	6	54.5%	2	66.7%	1	1	2	4	\N	\N	0	810
581	https://www.fotmob.com/players/1434896/gonzalo-alassia	\N	\N	\N	\N	\N	\N	\N	\N	\N	\N	\N	\N	\N	\N	\N	\N	\N	\N	\N	\N	\N	\N	\N	\N	\N	\N	\N	\N	\N	\N	\N	\N	\N	\N	\N	\N	\N	\N	\N	\N	\N	\N	\N	\N	\N	\N	811
582	https://www.fotmob.com/players/1675664/juan-cruz-vega	\N	\N	\N	\N	\N	\N	\N	\N	\N	\N	\N	\N	\N	\N	\N	\N	\N	\N	\N	\N	\N	\N	\N	\N	\N	\N	\N	\N	\N	\N	\N	\N	\N	\N	\N	\N	\N	\N	\N	\N	\N	\N	\N	\N	\N	\N	812
583	https://www.fotmob.com/players/1693423/agustin-ladstatter	\N	\N	\N	\N	\N	\N	\N	\N	\N	\N	\N	\N	\N	\N	\N	\N	\N	\N	\N	\N	\N	\N	\N	\N	\N	\N	\N	\N	\N	\N	\N	\N	\N	\N	\N	\N	\N	\N	\N	\N	\N	\N	\N	\N	\N	\N	813
586	https://www.fotmob.com/players/179772/iker-muniain	\N	\N	\N	\N	\N	\N	\N	\N	\N	\N	\N	1	1.06	0.99	\N	5	3	0	1.09	236	84.3%	12	60.0%	6	5	25.0%	10	58.8%	383	9	7	11	\N	5	83.3%	29	51.8%	2	33.3%	4	\N	4	28	1	5	0	816
587	https://www.fotmob.com/players/469593/ezequiel-cerutti	\N	\N	\N	\N	\N	\N	\N	\N	\N	\N	\N	1	0.48	0.98	\N	7	2	2	1.24	148	75.5%	8	40.0%	15	13	34.2%	2	25.0%	344	14	4	24	\N	9	81.8%	38	56.7%	1	12.5%	3	1	11	43	3	3	6	817
588	https://www.fotmob.com/players/1271801/matias-reali	\N	\N	\N	\N	\N	\N	\N	\N	\N	\N	\N	0	0.70	0.86	\N	20	9	1	2.46	127	67.9%	7	33.3%	24	25	24.0%	17	43.6%	495	46	16	24	1	5	33.3%	60	44.4%	4	36.4%	10	5	16	48	7	14	2	818
589	https://www.fotmob.com/players/1709846/branco-salinardi	\N	\N	\N	\N	\N	\N	\N	\N	\N	\N	\N	\N	\N	\N	\N	\N	\N	\N	\N	\N	\N	\N	\N	\N	\N	\N	\N	\N	\N	\N	\N	\N	\N	\N	\N	\N	\N	\N	\N	\N	\N	\N	\N	\N	\N	\N	819
590	https://www.fotmob.com/players/681608/andres-vombergar	\N	\N	\N	\N	\N	\N	\N	\N	\N	\N	\N	8	6.96	6.76	\N	32	12	1	0.52	191	64.3%	5	41.7%	7	\N	\N	4	40.0%	486	52	12	9	\N	6	66.7%	101	42.1%	79	44.6%	1	4	20	32	5	4	4	820
591	https://www.fotmob.com/players/989370/alexis-cuello	\N	\N	\N	\N	\N	\N	\N	\N	\N	\N	\N	1	3.96	5.25	\N	27	13	0	0.56	128	69.6%	1	100.0%	9	\N	\N	20	50.0%	413	53	26	19	1	6	54.5%	86	44.3%	36	46.8%	2	5	16	37	7	8	3	821
592	https://www.fotmob.com/players/1526707/j-peralta	\N	\N	\N	\N	\N	\N	\N	\N	\N	\N	\N	\N	\N	\N	\N	\N	\N	\N	\N	\N	\N	\N	\N	\N	\N	\N	\N	\N	\N	\N	\N	\N	\N	\N	\N	\N	\N	\N	\N	\N	\N	\N	\N	\N	\N	\N	822
593	https://www.fotmob.com/players/746557/ramon-maximiliano-velazco	\N	\N	\N	\N	\N	\N	\N	\N	\N	\N	\N	\N	\N	\N	\N	\N	\N	\N	\N	\N	\N	\N	\N	\N	\N	\N	\N	\N	\N	\N	\N	\N	\N	\N	\N	\N	\N	\N	\N	\N	\N	\N	\N	\N	\N	\N	824
594	https://www.fotmob.com/players/938344	\N	43	70.5%	18	0.90	3	0	21	\N	\N	\N	\N	\N	\N	\N	\N	\N	\N	\N	\N	55.9%	143	41.2%	\N	\N	\N	\N	\N	\N	\N	\N	\N	\N	\N	\N	\N	\N	\N	\N	\N	\N	\N	\N	\N	\N	0	825
595	https://www.fotmob.com/players/1201034/federico-bonansea	\N	0	\N	2	\N	0	0	\N	\N	\N	\N	\N	\N	\N	\N	\N	\N	\N	\N	\N	\N	\N	\N	\N	\N	\N	\N	\N	\N	\N	\N	\N	\N	\N	\N	\N	\N	\N	\N	\N	\N	\N	\N	\N	\N	0	826
596	https://www.fotmob.com/players/1312178/jose-gomez	\N	\N	\N	\N	\N	\N	\N	\N	\N	\N	\N	\N	\N	\N	\N	\N	\N	\N	\N	\N	\N	\N	\N	\N	\N	\N	\N	\N	\N	\N	\N	\N	\N	\N	\N	\N	\N	\N	\N	\N	\N	\N	\N	\N	\N	\N	827
597	https://www.fotmob.com/players/882461/alejandro-molina	\N	\N	\N	\N	\N	\N	\N	\N	\N	\N	\N	0	0.33	0.17	\N	8	3	0	0.52	175	68.1%	21	39.6%	6	3	15.0%	3	33.3%	565	9	4	2	\N	21	72.4%	44	38.9%	10	40.0%	6	4	31	30	2	13	3	828
598	https://www.fotmob.com/players/928995/damian-adin	\N	\N	\N	\N	\N	\N	\N	\N	\N	\N	\N	1	\N	\N	\N	1	1	0	\N	0	\N	\N	\N	\N	\N	\N	\N	\N	1	1	0	\N	\N	\N	\N	\N	\N	\N	\N	\N	\N	\N	\N	\N	\N	11	829
599	https://www.fotmob.com/players/198569/hernan-lopes	\N	\N	\N	\N	\N	\N	\N	\N	\N	\N	\N	0	0.16	\N	\N	3	\N	1	0.24	100	71.9%	13	32.5%	2	\N	\N	\N	\N	201	7	1	3	\N	6	75.0%	28	73.7%	18	72.0%	2	1	1	14	\N	1	0	830
600	https://www.fotmob.com/players/576036teban-burgos	\N	\N	\N	\N	\N	\N	\N	\N	\N	\N	\N	\N	\N	\N	\N	\N	\N	\N	\N	\N	\N	\N	\N	\N	\N	\N	\N	\N	\N	\N	\N	\N	\N	\N	\N	\N	\N	\N	\N	\N	\N	\N	\N	\N	\N	\N	1650
601	https://www.fotmob.com/players/917569/luciano-leonel-recalde	\N	\N	\N	\N	\N	\N	\N	\N	\N	\N	\N	0	0.21	\N	\N	2	\N	0	0.02	110	71.4%	13	31.0%	\N	\N	\N	\N	\N	244	2	0	4	\N	5	55.6%	23	53.5%	10	47.6%	5	\N	5	15	\N	5	2	832
602	https://www.fotmob.com/players/1091983/rodrigo-caceres	\N	\N	\N	\N	\N	\N	\N	\N	\N	\N	\N	0	0.81	0.04	\N	11	1	0	0.11	302	76.1%	28	36.4%	1	1	33.3%	3	100.0%	616	15	4	4	\N	7	58.3%	77	67.5%	58	74.4%	23	3	10	35	1	3	4	833
603	https://www.fotmob.com/players/1256246/tomas-lecanda	\N	\N	\N	\N	\N	\N	\N	\N	\N	\N	\N	0	0.15	0.01	\N	2	1	0	0.05	126	76.4%	10	26.3%	2	\N	\N	1	25.0%	266	5	2	2	\N	8	53.3%	31	53.4%	13	52.0%	8	1	8	17	\N	2	2	834
604	https://www.fotmob.com/players/453860/lucas-martin-diarte	\N	\N	\N	\N	\N	\N	\N	\N	\N	\N	\N	0	0.09	\N	\N	4	\N	0	0.88	134	66.0%	12	37.5%	9	9	30.0%	1	14.3%	377	5	4	7	\N	9	56.2%	36	62.1%	12	70.6%	5	2	6	26	\N	2	1	835
605	https://www.fotmob.com/players/832923/leonel-alvarez	\N	\N	\N	\N	\N	\N	\N	\N	\N	\N	\N	\N	\N	\N	\N	\N	\N	\N	\N	\N	\N	\N	\N	\N	\N	\N	\N	\N	\N	\N	\N	\N	\N	\N	\N	\N	\N	\N	\N	\N	\N	\N	\N	\N	\N	\N	836
606	https://www.fotmob.com/players/1348496/diego-gonzalez	\N	\N	\N	\N	\N	\N	\N	\N	\N	\N	\N	1	0.77	0.79	\N	18	4	3	2.02	165	65.7%	4	25.0%	20	19	30.2%	14	46.7%	488	21	14	20	\N	15	75.0%	60	53.6%	6	50.0%	3	4	12	54	7	6	5	837
607	https://www.fotmob.com/players/1432908/nicolas-watson	\N	\N	\N	\N	\N	\N	\N	\N	\N	\N	\N	0	0.14	\N	\N	5	\N	0	0.27	247	81.0%	14	41.2%	6	2	40.0%	2	40.0%	445	\N	4	31	\N	18	72.0%	68	57.6%	10	52.6%	6	2	21	38	2	15	4	838
608	https://www.fotmob.com/players/434077/nicolas-pelaitay	\N	\N	\N	\N	\N	\N	\N	\N	\N	\N	\N	0	0.14	\N	\N	3	\N	0	0.15	165	70.5%	8	24.2%	5	\N	\N	\N	\N	345	\N	5	11	\N	10	50.0%	43	44.3%	13	38.2%	7	1	15	32	\N	8	3	839
609	https://www.fotmob.com/players/1128952/lautaro-tomas-escalante	\N	\N	\N	\N	\N	\N	\N	\N	\N	\N	\N	0	0.16	\N	\N	3	\N	0	0.41	57	78.1%	4	36.4%	4	1	100.0%	3	50.0%	114	2	4	5	\N	2	40.0%	14	46.7%	2	40.0%	1	\N	4	10	\N	2	0	840
610	https://www.fotmob.com/players/1333262/sebastian-jaurena	\N	\N	\N	\N	\N	\N	\N	\N	\N	\N	\N	0	0.41	0.56	\N	16	6	1	0.78	178	66.9%	14	37.8%	11	10	21.3%	17	56.7%	500	9	11	8	\N	17	56.7%	65	56.0%	10	43.5%	4	1	6	55	3	8	1	841
611	https://www.fotmob.com/players/1432753/gino-olguin	\N	\N	\N	\N	\N	\N	\N	\N	\N	\N	\N	0	0.01	\N	\N	1	\N	0	0.02	54	76.1%	3	30.0%	1	\N	\N	1	33.3%	103	\N	1	\N	\N	3	33.3%	12	52.2%	2	100.0%	1	\N	6	9	1	4	1	842
612	https://www.fotmob.com/players/1453814/lucas-acosta	\N	\N	\N	\N	\N	\N	\N	\N	\N	\N	\N	\N	\N	\N	\N	\N	\N	\N	\N	\N	\N	\N	\N	\N	\N	\N	\N	\N	\N	\N	\N	\N	\N	\N	\N	\N	\N	\N	\N	\N	\N	\N	\N	\N	\N	\N	843
613	https://www.fotmob.com/players/670366/maximiliano-casa	\N	\N	\N	\N	\N	\N	\N	\N	\N	\N	\N	0	\N	\N	\N	0	\N	0	0.01	1	33.3%	\N	\N	1	1	25.0%	\N	\N	12	\N	1	1	\N	\N	\N	1	25.0%	\N	\N	1	\N	\N	1	\N	\N	0	844
614	https://www.fotmob.com/players/1226758/ayrton-portillo	\N	\N	\N	\N	\N	\N	\N	\N	\N	\N	\N	0	0.19	0.15	\N	5	2	0	0.54	103	65.2%	7	36.8%	2	8	28.6%	6	37.5%	364	12	9	8	\N	6	46.2%	39	43.8%	13	44.8%	7	1	11	30	3	5	3	845
615	https://www.fotmob.com/players/172973/sebastian-gonzalez	\N	\N	\N	\N	\N	\N	\N	\N	\N	\N	\N	1	0.46	0.17	\N	7	1	0	1.31	207	80.9%	11	52.4%	14	12	40.0%	\N	\N	352	6	6	6	\N	9	90.0%	18	38.3%	2	28.6%	4	4	6	29	\N	9	0	846
616	https://www.fotmob.com/players/358143/jonathan-menendez	\N	\N	\N	\N	\N	\N	\N	\N	\N	\N	\N	0	0.08	\N	\N	3	\N	0	0.25	42	75.0%	1	50.0%	4	3	23.1%	2	25.0%	113	8	7	7	\N	1	50.0%	11	34.4%	\N	\N	1	2	5	12	3	2	1	847
617	https://www.fotmob.com/players/994918/tomas-fernandez	\N	\N	\N	\N	\N	\N	\N	\N	\N	\N	\N	1	1.46	0.64	\N	13	5	2	0.78	63	60.6%	5	62.5%	10	4	26.7%	11	45.8%	234	29	12	7	\N	4	50.0%	32	39.5%	6	40.0%	2	3	8	28	4	9	0	848
618	https://www.fotmob.com/players/1295515/assist-gaston-moreyra	\N	\N	\N	\N	\N	\N	\N	\N	\N	\N	\N	0	0.05	0.04	\N	3	1	0	0.28	27	77.1%	1	25.0%	2	1	20.0%	3	60.0%	61	3	0	\N	\N	1	33.3%	7	46.7%	1	25.0%	1	\N	1	7	4	2	0	850
619	https://www.fotmob.com/players/616173/ezequiel-montagna	\N	\N	\N	\N	\N	\N	\N	\N	\N	\N	\N	0	\N	\N	\N	0	\N	0	0.08	40	78.4%	1	50.0%	2	3	60.0%	1	50.0%	85	1	5	2	\N	\N	\N	6	24.0%	2	18.2%	1	\N	1	8	1	3	0	851
620	https://www.fotmob.com/players/655751/horacio-tijanovich	\N	\N	\N	\N	\N	\N	\N	\N	\N	\N	\N	0	0.31	0.30	\N	4	2	0	0.16	44	63.8%	2	28.6%	1	1	12.5%	1	12.5%	160	10	10	16	\N	5	100.0%	27	45.0%	5	33.3%	1	1	5	15	4	1	1	852
621	https://www.fotmob.com/players/1097396/marco-iacobellis	\N	\N	\N	\N	\N	\N	\N	\N	\N	\N	\N	1	1.04	1.04	\N	17	4	0	2.68	129	64.2%	5	26.3%	17	20	43.5%	14	40.0%	450	20	18	20	\N	11	61.1%	55	42.0%	3	21.4%	9	3	16	42	7	13	4	849
622	https://www.fotmob.com/players/46929/federico-rafael-gonzalez	\N	\N	\N	\N	\N	\N	\N	\N	\N	\N	\N	0	0.33	\N	\N	2	\N	0	0.24	28	57.1%	\N	\N	1	\N	\N	2	40.0%	87	13	2	2	\N	2	66.7%	12	34.3%	5	27.8%	1	1	4	6	1	1	0	853
623	https://www.fotmob.com/players/311684/juan-ignacio-cavallaro	\N	\N	\N	\N	\N	\N	\N	\N	\N	\N	\N	0	0.49	0.38	\N	5	2	0	0.28	64	68.8%	3	37.5%	4	1	8.3%	5	45.5%	188	11	7	6	\N	7	77.8%	24	46.2%	4	33.3%	2	\N	3	15	\N	4	0	854
624	https://www.fotmob.com/players/589348/federico-anselmo	\N	\N	\N	\N	\N	\N	\N	\N	\N	\N	\N	1	2.40	1.06	\N	23	4	0	0.29	55	49.1%	\N	\N	5	2	40.0%	2	18.2%	235	31	7	12	\N	2	33.3%	57	38.5%	37	36.3%	\N	7	10	13	3	1	1	855
625	https://www.fotmob.com/players/847527/edwuin-pernia	\N	\N	\N	\N	\N	\N	\N	\N	\N	\N	\N	0	0.94	1.12	\N	10	4	0	0.03	19	63.3%	\N	\N	\N	\N	\N	1	25.0%	57	12	1	1	\N	\N	\N	6	33.3%	4	44.4%	\N	\N	4	4	2	\N	1	856
626	https://www.fotmob.com/players/965005	\N	\N	\N	\N	\N	\N	\N	\N	\N	\N	\N	1	1.20	1.06	\N	13	4	0	0.33	44	48.9%	\N	\N	4	1	20.0%	2	66.7%	164	18	4	8	\N	3	75.0%	33	42.3%	19	44.2%	1	3	14	8	2	2	4	857
627	https://www.fotmob.com/players/1609386/luciano-riveros	\N	\N	\N	\N	\N	\N	\N	\N	\N	\N	\N	0	\N	\N	\N	0	\N	0	\N	0	\N	\N	\N	\N	\N	\N	\N	\N	0	\N	0	\N	\N	\N	\N	\N	\N	\N	\N	\N	\N	\N	\N	\N	\N	0	858
628	https://www.fotmob.com/players/1625682/santiago-barrera	\N	\N	\N	\N	\N	\N	\N	\N	\N	\N	\N	0	\N	\N	\N	0	\N	0	\N	0	\N	\N	\N	\N	\N	\N	\N	\N	0	\N	0	\N	\N	\N	\N	\N	\N	\N	\N	\N	\N	\N	\N	\N	\N	0	859
629	https://www.fotmob.com/players/1453814/lucas-acosta	\N	\N	\N	\N	\N	\N	\N	\N	\N	\N	\N	\N	\N	\N	\N	\N	\N	\N	\N	\N	\N	\N	\N	\N	\N	\N	\N	\N	\N	\N	\N	\N	\N	\N	\N	\N	\N	\N	\N	\N	\N	\N	\N	\N	\N	\N	861
632	https://www.fotmob.com/players/1017707/alex-vigo	\N	\N	\N	\N	\N	\N	\N	\N	\N	\N	\N	0	0.60	0.48	\N	6	3	1	1.13	189	79.4%	13	48.1%	6	4	22.2%	9	52.9%	457	16	6	5	\N	12	57.1%	44	53.7%	9	45.0%	8	1	10	25	\N	5	2	864
633	https://www.fotmob.com/players/1609764/jeremias-vallejos	\N	\N	\N	\N	\N	\N	\N	\N	\N	\N	\N	0	0.02	\N	\N	1	\N	0	0.03	43	68.3%	6	31.6%	\N	2	16.7%	3	50.0%	153	2	3	5	\N	8	88.9%	21	56.8%	5	83.3%	2	1	5	8	\N	4	3	865
634	https://www.fotmob.com/players/113318/facundo-roncaglia	\N	\N	\N	\N	\N	\N	\N	\N	\N	\N	\N	0	0.02	\N	\N	2	\N	0	0.12	301	84.1%	30	43.5%	1	\N	\N	\N	\N	501	5	0	6	\N	8	88.9%	28	54.9%	13	48.1%	14	\N	4	33	\N	5	2	866
635	https://www.fotmob.com/players/147620/juan-manuel-insaurralde	\N	\N	\N	\N	\N	\N	\N	\N	\N	\N	\N	1	0.56	1.67	\N	6	2	0	0.37	423	79.2%	67	47.5%	3	\N	\N	5	83.3%	731	7	1	9	\N	3	30.0%	56	70.9%	34	89.5%	16	1	12	49	\N	5	7	867
636	https://www.fotmob.com/players/169806/gaston-sauro	\N	\N	\N	\N	\N	\N	\N	\N	\N	\N	\N	0	0.21	0.21	\N	4	1	0	0.02	110	78.0%	9	34.6%	\N	\N	\N	1	100.0%	226	5	0	\N	\N	1	20.0%	23	57.5%	17	65.4%	16	2	6	20	\N	4	1	868
637	https://www.fotmob.com/players/1139354/renzo-orihuela	\N	\N	\N	\N	\N	\N	\N	\N	\N	\N	\N	0	0.28	0.27	\N	5	3	0	0.24	243	71.9%	21	34.4%	2	2	15.4%	3	37.5%	587	11	3	9	\N	8	47.1%	55	50.9%	26	54.2%	18	1	12	35	2	11	5	869
638	https://www.fotmob.com/players/1529403/santiago-morales	\N	\N	\N	\N	\N	\N	\N	\N	\N	\N	\N	\N	\N	\N	\N	\N	\N	\N	\N	\N	\N	\N	\N	\N	\N	\N	\N	\N	\N	\N	\N	\N	\N	\N	\N	\N	\N	\N	\N	\N	\N	\N	\N	\N	\N	\N	870
639	https://www.fotmob.com/players/1643789/augustin-seyral	\N	\N	\N	\N	\N	\N	\N	\N	\N	\N	\N	\N	\N	\N	\N	\N	\N	\N	\N	\N	\N	\N	\N	\N	\N	\N	\N	\N	\N	\N	\N	\N	\N	\N	\N	\N	\N	\N	\N	\N	\N	\N	\N	\N	\N	\N	871
640	https://www.fotmob.com/players/1709486/facundo-sandoval	\N	\N	\N	\N	\N	\N	\N	\N	\N	\N	\N	\N	\N	\N	\N	\N	\N	\N	\N	\N	\N	\N	\N	\N	\N	\N	\N	\N	\N	\N	\N	\N	\N	\N	\N	\N	\N	\N	\N	\N	\N	\N	\N	\N	\N	\N	872
641	https://www.fotmob.com/players/845709/yair-arismendi	\N	\N	\N	\N	\N	\N	\N	\N	\N	\N	\N	0	0.04	\N	\N	2	\N	0	0.19	31	72.1%	4	57.1%	1	1	12.5%	1	33.3%	79	\N	0	2	\N	2	100.0%	7	70.0%	2	66.7%	3	1	\N	7	\N	\N	0	873
642	https://www.fotmob.com/players/560638/gabriel-adrian-diaz	\N	\N	\N	\N	\N	\N	\N	\N	\N	\N	\N	\N	\N	\N	\N	\N	\N	\N	\N	\N	\N	\N	\N	\N	\N	\N	\N	\N	\N	\N	\N	\N	\N	\N	\N	\N	\N	\N	\N	\N	\N	\N	\N	\N	\N	\N	1692
643	https://www.fotmob.com/players/1649649/joel-godoy	\N	\N	\N	\N	\N	\N	\N	\N	\N	\N	\N	0	0.01	\N	\N	1	\N	0	0.17	86	60.1%	6	15.0%	4	2	13.3%	8	57.1%	331	13	6	9	\N	6	46.2%	43	56.6%	13	68.4%	8	1	8	27	\N	7	1	875
644	https://www.fotmob.com/players/1238746/manuel-garcia	\N	\N	\N	\N	\N	\N	\N	\N	\N	\N	\N	0	0.11	0.06	\N	4	2	0	0.38	213	79.2%	29	59.2%	3	2	28.6%	4	44.4%	384	5	5	3	\N	19	79.2%	33	43.4%	2	22.2%	8	1	19	32	2	7	5	876
645	https://www.fotmob.com/players/1636488/tomas-guiacobini	\N	\N	\N	\N	\N	\N	\N	\N	\N	\N	\N	0	0.13	\N	\N	1	\N	0	0.09	126	89.4%	19	70.4%	2	\N	\N	1	33.3%	169	2	2	3	\N	5	62.5%	17	60.7%	5	83.3%	\N	\N	5	10	1	1	2	877
646	https://www.fotmob.com/players/787257/juan-andrada	\N	\N	\N	\N	\N	\N	\N	\N	\N	\N	\N	0	\N	\N	\N	0	\N	0	0.03	48	84.2%	6	54.5%	\N	\N	\N	1	50.0%	80	\N	2	1	\N	1	100.0%	4	33.3%	1	50.0%	1	\N	1	6	\N	3	0	878
647	https://www.fotmob.com/players/1020944/carlos-villalba	\N	\N	\N	\N	\N	\N	\N	\N	\N	\N	\N	0	0.04	\N	\N	1	1	0	0.34	244	73.5%	17	35.4%	9	\N	\N	2	50.0%	460	14	2	14	\N	9	47.4%	43	42.2%	10	37.0%	18	\N	22	57	3	17	5	879
648	https://www.fotmob.com/players/1252646/federico-paradela	\N	\N	\N	\N	\N	\N	\N	\N	\N	\N	\N	0	0.36	0.68	\N	8	4	0	0.26	94	83.2%	5	62.5%	4	2	13.3%	6	75.0%	188	8	2	16	1	3	60.0%	30	63.8%	3	37.5%	1	2	7	19	1	2	3	880
649	https://www.fotmob.com/players/1372337/manuel-monaco	\N	\N	\N	\N	\N	\N	\N	\N	\N	\N	\N	\N	\N	\N	\N	\N	\N	\N	\N	\N	\N	\N	\N	\N	\N	\N	\N	\N	\N	\N	\N	\N	\N	\N	\N	\N	\N	\N	\N	\N	\N	\N	\N	\N	\N	\N	881
650	https://www.fotmob.com/players/1611876/agustin-molina	\N	\N	\N	\N	\N	\N	\N	\N	\N	\N	\N	\N	\N	\N	\N	\N	\N	\N	\N	\N	\N	\N	\N	\N	\N	\N	\N	\N	\N	\N	\N	\N	\N	\N	\N	\N	\N	\N	\N	\N	\N	\N	\N	\N	\N	\N	882
651	https://www.fotmob.com/players/1649652/patricio-ferreira	\N	\N	\N	\N	\N	\N	\N	\N	\N	\N	\N	\N	\N	\N	\N	\N	\N	\N	\N	\N	\N	\N	\N	\N	\N	\N	\N	\N	\N	\N	\N	\N	\N	\N	\N	\N	\N	\N	\N	\N	\N	\N	\N	\N	\N	\N	883
652	https://www.fotmob.com/players/1712136/elian-gimenez	\N	\N	\N	\N	\N	\N	\N	\N	\N	\N	\N	1	0.30	0.22	\N	13	1	0	0.07	207	78.7%	23	63.9%	4	\N	\N	8	72.7%	403	\N	6	8	\N	19	73.1%	49	54.4%	7	43.8%	16	4	9	53	3	14	2	884
653	https://www.fotmob.com/players/1741920/jhon-renteria	\N	\N	\N	\N	\N	\N	\N	\N	\N	\N	\N	\N	\N	\N	\N	\N	\N	\N	\N	\N	\N	\N	\N	\N	\N	\N	\N	\N	\N	\N	\N	\N	\N	\N	\N	\N	\N	\N	\N	\N	\N	\N	\N	\N	\N	\N	885
654	https://www.fotmob.com/players/936100/valentin-burgoa	\N	\N	\N	\N	\N	\N	\N	\N	\N	\N	\N	1	0.58	0.65	\N	12	6	0	0.78	143	78.1%	9	50.0%	11	7	18.9%	9	45.0%	335	6	8	6	\N	7	70.0%	27	39.1%	2	15.4%	5	4	5	48	3	7	0	886
655	https://www.fotmob.com/players/529100/gabriel-carabajal	\N	\N	\N	\N	\N	\N	\N	\N	\N	\N	\N	2	2.20	2.03	\N	18	7	0	0.92	219	75.5%	38	63.3%	13	9	23.1%	6	35.3%	464	9	7	17	\N	3	60.0%	41	47.7%	13	61.9%	8	2	8	43	6	11	1	887
656	https://www.fotmob.com/players/1070200/leandro-suhr	\N	\N	\N	\N	\N	\N	\N	\N	\N	\N	\N	1	1.08	1.15	\N	15	4	0	0.81	78	61.9%	3	75.0%	8	4	8.9%	12	41.4%	330	32	14	24	1	4	40.0%	59	48.8%	13	39.4%	6	6	10	22	2	3	2	888
657	https://www.fotmob.com/players/1232259/joaquin-gho	\N	\N	\N	\N	\N	\N	\N	\N	\N	\N	\N	0	1.12	0.05	\N	20	1	1	0.62	232	71.8%	11	39.3%	10	4	9.5%	16	47.1%	590	23	16	4	\N	26	68.4%	71	49.0%	13	39.4%	6	8	15	56	4	5	3	889
658	https://www.fotmob.com/players/1649651/matias-rosales	\N	\N	\N	\N	\N	\N	\N	\N	\N	\N	\N	0	\N	\N	\N	0	\N	0	0.32	23	48.9%	4	33.3%	4	\N	\N	3	50.0%	110	6	3	1	\N	7	58.3%	20	46.5%	4	33.3%	1	\N	5	8	1	4	3	890
659	https://www.fotmob.com/players/1039685/franco-calderon	\N	\N	\N	\N	\N	\N	\N	\N	\N	\N	\N	0	\N	\N	\N	3	\N	0	\N	344	88.2%	38	65.5%	3	\N	\N	\N	\N	502	9	2	6	\N	8	72.7%	47	74.6%	30	76.9%	6	1	4	23	\N	1	0	891
660	https://www.fotmob.com/players/1649653/brandon-marquez	\N	\N	\N	\N	\N	\N	\N	\N	\N	\N	\N	\N	\N	\N	\N	\N	\N	\N	\N	\N	\N	\N	\N	\N	\N	\N	\N	\N	\N	\N	\N	\N	\N	\N	\N	\N	\N	\N	\N	\N	\N	\N	\N	\N	\N	\N	892
661	https://www.fotmob.com/players/279769/pablo-magnin	\N	\N	\N	\N	\N	\N	\N	\N	\N	\N	\N	2	2.60	2.38	\N	10	5	0	0.29	83	80.6%	3	50.0%	4	\N	\N	2	33.3%	179	23	5	9	\N	3	37.5%	28	45.9%	11	44.0%	1	1	9	22	5	1	1	893
662	https://www.fotmob.com/players/785840/ivan-morales	\N	\N	\N	\N	\N	\N	\N	\N	\N	\N	\N	\N	\N	\N	\N	\N	\N	\N	\N	\N	\N	\N	\N	\N	\N	\N	\N	\N	\N	\N	\N	\N	\N	\N	\N	\N	\N	\N	\N	\N	\N	\N	\N	\N	\N	\N	894
663	https://www.fotmob.com/players/1222245/franco-frias	\N	\N	\N	\N	\N	\N	\N	\N	\N	\N	\N	1	2.14	1.71	\N	10	5	0	0.28	63	70.8%	2	66.7%	4	2	40.0%	2	28.6%	169	18	7	12	1	3	75.0%	30	41.1%	13	34.2%	1	1	5	18	1	3	1	895
664	https://www.fotmob.com/players/262597/javier-burrai	\N	3	75.0%	1	-0.74	1	0	1	\N	\N	\N	\N	\N	\N	\N	\N	\N	\N	\N	\N	76.8%	11	45.8%	\N	\N	\N	\N	\N	\N	\N	\N	\N	\N	\N	\N	\N	\N	\N	\N	\N	\N	\N	\N	\N	\N	0	897
665	https://www.fotmob.com/players/322966/guido-herrera	\N	31	68.9%	14	-0.20	5	1	11	\N	\N	\N	\N	\N	\N	\N	\N	\N	\N	\N	\N	69.3%	101	43.7%	\N	\N	\N	\N	\N	\N	\N	\N	\N	\N	\N	\N	\N	\N	\N	\N	\N	\N	\N	\N	\N	\N	1	898
666	https://www.fotmob.com/players/1692287/santino-barbi	\N	\N	\N	\N	\N	\N	\N	\N	\N	\N	\N	\N	\N	\N	\N	\N	\N	\N	\N	\N	\N	\N	\N	\N	\N	\N	\N	\N	\N	\N	\N	\N	\N	\N	\N	\N	\N	\N	\N	\N	\N	\N	\N	\N	\N	\N	899
667	https://www.fotmob.com/players/1719911/jeremias-florentin	\N	\N	\N	\N	\N	\N	\N	\N	\N	\N	\N	\N	\N	\N	\N	\N	\N	\N	\N	\N	\N	\N	\N	\N	\N	\N	\N	\N	\N	\N	\N	\N	\N	\N	\N	\N	\N	\N	\N	\N	\N	\N	\N	\N	\N	\N	900
668	https://www.fotmob.com/players/929338/gaston-americo-benavidez	\N	\N	\N	\N	\N	\N	\N	\N	\N	\N	\N	2	1.00	1.52	\N	4	3	1	1.08	327	82.8%	29	60.4%	12	5	19.2%	5	35.7%	610	15	2	7	\N	11	57.9%	40	58.8%	9	64.3%	6	\N	8	40	\N	5	0	1718
669	https://www.fotmob.com/players/1200762	\N	\N	\N	\N	\N	\N	\N	\N	\N	\N	\N	2	0.75	1.19	\N	10	3	0	0.52	167	80.3%	8	27.6%	5	6	46.2%	2	22.2%	386	12	5	2	\N	12	85.7%	27	44.3%	9	47.4%	6	1	8	26	1	4	1	902
670	https://www.fotmob.com/players/1457873/tomas-olmos	\N	\N	\N	\N	\N	\N	\N	\N	\N	\N	\N	0	\N	\N	\N	0	\N	0	0.00	7	43.8%	1	16.7%	\N	\N	\N	1	100.0%	46	\N	0	\N	\N	1	33.3%	5	62.5%	1	25.0%	2	\N	\N	6	\N	\N	0	903
671	https://www.fotmob.com/players/427912/matias-catalan	\N	\N	\N	\N	\N	\N	\N	\N	\N	\N	\N	1	0.19	0.53	\N	3	1	0	0.22	346	82.4%	73	65.8%	1	2	66.7%	2	33.3%	528	3	1	2	\N	8	66.7%	33	64.7%	18	78.3%	10	\N	3	24	\N	5	1	1721
672	https://www.fotmob.com/players/616168/tomas-cardona	\N	\N	\N	\N	\N	\N	\N	\N	\N	\N	\N	0	\N	\N	\N	0	\N	0	0.03	96	90.6%	12	85.7%	\N	\N	\N	\N	\N	126	\N	0	2	\N	2	100.0%	5	33.3%	1	14.3%	\N	\N	4	5	\N	\N	1	905
673	https://www.fotmob.com/players/1621219/juan-rodriguez	\N	\N	\N	\N	\N	\N	\N	\N	\N	\N	\N	\N	\N	\N	\N	\N	\N	\N	\N	\N	\N	\N	\N	\N	\N	\N	\N	\N	\N	\N	\N	\N	\N	\N	\N	\N	\N	\N	\N	\N	\N	\N	\N	\N	\N	\N	906
674	https://www.fotmob.com/players/1201814	\N	\N	\N	\N	\N	\N	\N	\N	\N	\N	\N	0	0.30	0.32	\N	13	4	0	0.27	697	87.7%	24	38.7%	1	\N	\N	2	33.3%	999	12	4	10	\N	25	83.3%	84	65.1%	42	66.7%	16	2	15	71	\N	1	3	907
675	https://www.fotmob.com/players/1437367/santiago-fernandez	\N	\N	\N	\N	\N	\N	\N	\N	\N	\N	\N	0	0.02	\N	\N	1	\N	0	0.03	205	89.1%	17	51.5%	\N	\N	\N	\N	\N	308	2	1	6	1	10	83.3%	20	57.1%	2	16.7%	8	1	3	12	\N	1	1	908
676	https://www.fotmob.com/players/1732523/timoteo-chamorro	\N	\N	\N	\N	\N	\N	\N	\N	\N	\N	\N	\N	\N	\N	\N	\N	\N	\N	\N	\N	\N	\N	\N	\N	\N	\N	\N	\N	\N	\N	\N	\N	\N	\N	\N	\N	\N	\N	\N	\N	\N	\N	\N	\N	\N	\N	909
677	https://www.fotmob.com/players/861062/matias-ruiz-diaz	\N	\N	\N	\N	\N	\N	\N	\N	\N	\N	\N	\N	\N	\N	\N	\N	\N	\N	\N	\N	\N	\N	\N	\N	\N	\N	\N	\N	\N	\N	\N	\N	\N	\N	\N	\N	\N	\N	\N	\N	\N	\N	\N	\N	\N	\N	1727
678	https://www.fotmob.com/players/1737006/emilio-suarez	\N	\N	\N	\N	\N	\N	\N	\N	\N	\N	\N	\N	\N	\N	\N	\N	\N	\N	\N	\N	\N	\N	\N	\N	\N	\N	\N	\N	\N	\N	\N	\N	\N	\N	\N	\N	\N	\N	\N	\N	\N	\N	\N	\N	\N	\N	911
679	https://www.fotmob.com/players/729090/blas-riveros	\N	\N	\N	\N	\N	\N	\N	\N	\N	\N	\N	0	0.20	0.23	\N	9	3	1	1.36	180	80.7%	14	48.3%	4	6	22.2%	9	37.5%	421	11	3	5	\N	9	56.2%	37	50.7%	7	63.6%	4	1	3	35	1	12	0	912
680	https://www.fotmob.com/players/1048053/miguel-navarro	\N	\N	\N	\N	\N	\N	\N	\N	\N	\N	\N	0	0.19	0.17	\N	6	2	0	1.08	413	87.5%	27	56.2%	16	9	33.3%	3	50.0%	712	7	1	15	\N	8	72.7%	36	58.1%	7	50.0%	11	3	13	29	\N	2	4	913
681	https://www.fotmob.com/players/1445263/valentin-gelos	\N	\N	\N	\N	\N	\N	\N	\N	\N	\N	\N	0	\N	\N	\N	0	\N	0	\N	0	\N	\N	\N	\N	\N	\N	\N	\N	0	\N	0	\N	\N	\N	\N	\N	\N	\N	\N	\N	\N	\N	\N	\N	\N	2	914
682	https://www.fotmob.com/players/1086839/diego-ortegoza	\N	\N	\N	\N	\N	\N	\N	\N	\N	\N	\N	2	2.03	1.64	\N	22	3	1	0.67	369	84.8%	33	60.0%	7	5	29.4%	9	52.9%	598	11	11	4	\N	17	60.7%	50	47.6%	9	64.3%	3	2	19	49	1	12	5	915
684	https://www.fotmob.com/players/1281230/juan-camilo-portilla	\N	\N	\N	\N	\N	\N	\N	\N	\N	\N	\N	0	0.43	0.01	\N	14	1	0	0.46	397	86.1%	29	64.4%	10	4	44.4%	8	57.1%	600	4	5	9	\N	12	66.7%	50	60.2%	15	83.3%	16	4	11	45	3	8	3	917
685	https://www.fotmob.com/players/1321686/marcos-portillo	\N	\N	\N	\N	\N	\N	\N	\N	\N	\N	\N	0	0.10	0.07	\N	4	1	0	0.25	71	76.3%	13	65.0%	6	3	33.3%	4	40.0%	145	4	1	8	\N	4	80.0%	23	53.5%	6	66.7%	1	1	9	10	\N	1	2	918
686	https://www.fotmob.com/players/1504612/matias-gomez	\N	\N	\N	\N	\N	\N	\N	\N	\N	\N	\N	\N	\N	\N	\N	\N	\N	\N	\N	\N	\N	\N	\N	\N	\N	\N	\N	\N	\N	\N	\N	\N	\N	\N	\N	\N	\N	\N	\N	\N	\N	\N	\N	\N	\N	\N	919
687	https://www.fotmob.com/players/1451319/joaquin-mosqueira	\N	\N	\N	\N	\N	\N	\N	\N	\N	\N	\N	0	0.17	0.14	\N	7	2	0	0.26	211	79.9%	22	55.0%	3	3	75.0%	2	66.7%	336	1	1	2	\N	7	58.3%	30	66.7%	15	68.2%	9	1	3	25	2	4	0	920
688	https://www.fotmob.com/players/1652259/jeremias-gallard	\N	\N	\N	\N	\N	\N	\N	\N	\N	\N	\N	\N	\N	\N	\N	\N	\N	\N	\N	\N	\N	\N	\N	\N	\N	\N	\N	\N	\N	\N	\N	\N	\N	\N	\N	\N	\N	\N	\N	\N	\N	\N	\N	\N	\N	\N	921
689	https://www.fotmob.com/players/1372338/maximiliano-gatani	\N	\N	\N	\N	\N	\N	\N	\N	\N	\N	\N	0	\N	\N	\N	0	\N	0	\N	0	\N	\N	\N	\N	\N	\N	\N	\N	0	\N	0	\N	\N	\N	\N	\N	\N	\N	\N	\N	\N	\N	\N	\N	\N	1	922
690	https://www.fotmob.com/players/1609259/santiago-puzzo	\N	\N	\N	\N	\N	\N	\N	\N	\N	\N	\N	1	\N	\N	\N	1	1	0	\N	0	\N	\N	\N	\N	\N	\N	\N	\N	1	1	0	\N	\N	\N	\N	\N	\N	\N	\N	\N	\N	\N	\N	\N	\N	4	923
691	https://www.fotmob.com/players/168390/ruben-botta	\N	\N	\N	\N	\N	\N	\N	\N	\N	\N	\N	0	0.75	0.24	\N	13	3	1	1.70	265	80.5%	25	86.2%	22	12	29.3%	9	45.0%	509	20	11	19	\N	9	69.2%	45	50.6%	4	36.4%	2	3	9	29	5	6	4	924
692	https://www.fotmob.com/players/797871/emanuel-reynoso	\N	\N	\N	\N	\N	\N	\N	\N	\N	\N	\N	0	0.45	0.16	\N	11	3	1	1.50	238	78.8%	13	52.0%	32	13	27.1%	22	68.8%	516	20	22	14	\N	10	66.7%	59	48.8%	9	45.0%	6	3	15	32	2	5	0	925
693	https://www.fotmob.com/players/1635822/gustavo-albarracin	\N	\N	\N	\N	\N	\N	\N	\N	\N	\N	\N	\N	\N	\N	\N	\N	\N	\N	\N	\N	\N	\N	\N	\N	\N	\N	\N	\N	\N	\N	\N	\N	\N	\N	\N	\N	\N	\N	\N	\N	\N	\N	\N	\N	\N	\N	926
694	https://www.fotmob.com/players/432949/sebastian-palacios	\N	\N	\N	\N	\N	\N	\N	\N	\N	\N	\N	0	1.92	0.72	\N	14	7	0	0.96	100	78.1%	3	50.0%	14	5	17.2%	4	26.7%	259	30	10	11	\N	2	50.0%	24	42.1%	5	50.0%	1	3	6	24	5	2	0	927
695	https://www.fotmob.com/players/1088084/valentin-depietri	\N	\N	\N	\N	\N	\N	\N	\N	\N	\N	\N	2	2.13	2.25	\N	25	11	1	0.46	117	75.5%	2	40.0%	6	1	4.5%	20	55.6%	314	40	13	5	\N	4	80.0%	38	44.2%	8	53.3%	3	3	9	18	2	3	0	928
683	https://www.fotmob.com/players/1241957/matias-galarza	\N	\N	\N	\N	\N	\N	\N	\N	\N	\N	\N	0	1.35	0.90	\N	11	5	0	0.79	164	74.5%	8	47.1%	9	7	31.8%	5	27.8%	388	13	14	8	\N	12	60.0%	51	44.3%	20	62.5%	3	\N	12	36	4	13	1	916
697	https://www.fotmob.com/players/1044317/assist-rick	\N	\N	\N	\N	\N	\N	\N	\N	\N	\N	\N	1	1.08	0.96	\N	21	6	0	0.92	99	72.8%	1	14.3%	8	10	30.3%	10	45.5%	284	33	11	7	\N	1	20.0%	26	35.6%	4	20.0%	2	9	6	24	3	2	0	930
698	https://www.fotmob.com/players/1695460/valentin-davila	\N	\N	\N	\N	\N	\N	\N	\N	\N	\N	\N	\N	\N	\N	\N	\N	\N	\N	\N	\N	\N	\N	\N	\N	\N	\N	\N	\N	\N	\N	\N	\N	\N	\N	\N	\N	\N	\N	\N	\N	\N	\N	\N	\N	\N	\N	931
699	https://www.fotmob.com/players/1739039/emiliano-chiavassa	\N	\N	\N	\N	\N	\N	\N	\N	\N	\N	\N	\N	\N	\N	\N	\N	\N	\N	\N	\N	\N	\N	\N	\N	\N	\N	\N	\N	\N	\N	\N	\N	\N	\N	\N	\N	\N	\N	\N	\N	\N	\N	\N	\N	\N	\N	932
700	https://www.fotmob.com/players/723668/cristian-alberto-tarragona	\N	\N	\N	\N	\N	\N	\N	\N	\N	\N	\N	0	1.19	0.11	\N	10	1	0	0.15	69	77.5%	4	57.1%	4	\N	\N	1	50.0%	158	16	6	10	\N	2	66.7%	25	42.4%	11	34.4%	\N	1	6	15	3	2	1	933
701	https://www.fotmob.com/players/835409/nahuel-lautaro-bustos	\N	\N	\N	\N	\N	\N	\N	\N	\N	\N	\N	0	2.61	2.73	\N	22	7	0	0.21	87	73.7%	4	57.1%	6	\N	\N	1	16.7%	222	30	12	4	\N	\N	\N	13	26.5%	5	38.5%	1	5	9	18	4	2	3	934
702	https://www.fotmob.com/players/994916/federico-girotti	\N	\N	\N	\N	\N	\N	\N	\N	\N	\N	\N	0	1.44	1.23	\N	24	9	1	0.64	106	63.1%	5	62.5%	11	4	57.1%	1	16.7%	260	30	4	3	\N	\N	\N	35	44.3%	30	53.6%	1	6	5	7	2	4	0	935
703	https://www.fotmob.com/players/1609260/alfonso-lucas	\N	\N	\N	\N	\N	\N	\N	\N	\N	\N	\N	\N	\N	\N	\N	\N	\N	\N	\N	\N	\N	\N	\N	\N	\N	\N	\N	\N	\N	\N	\N	\N	\N	\N	\N	\N	\N	\N	\N	\N	\N	\N	\N	\N	\N	\N	936
704	https://www.fotmob.com/players/1436221/alan-sosa	\N	\N	\N	\N	\N	\N	\N	\N	\N	\N	\N	\N	\N	\N	\N	\N	\N	\N	\N	\N	75.4%	13	59.1%	\N	\N	\N	\N	\N	\N	\N	\N	\N	\N	\N	\N	\N	\N	\N	\N	\N	\N	\N	\N	\N	\N	0	938
705	https://www.fotmob.com/players/1198479/felipe-zenobio	\N	42	75.0%	14	2.35	7	0	21	\N	\N	\N	\N	\N	\N	\N	\N	\N	\N	\N	\N	64.1%	78	39.0%	\N	\N	\N	\N	\N	\N	\N	\N	\N	\N	\N	\N	\N	\N	\N	\N	\N	\N	\N	\N	\N	\N	1	939
706	https://www.fotmob.com/players/1661674/luka-fuster	\N	\N	\N	\N	\N	\N	\N	\N	\N	\N	\N	\N	\N	\N	\N	\N	\N	\N	\N	\N	\N	\N	\N	\N	\N	\N	\N	\N	\N	\N	\N	\N	\N	\N	\N	\N	\N	\N	\N	\N	\N	\N	\N	\N	\N	\N	940
707	https://www.fotmob.com/players/939965/martin-garay	\N	\N	\N	\N	\N	\N	\N	\N	\N	\N	\N	0	0.06	\N	\N	1	\N	0	1.52	197	75.5%	20	57.1%	8	6	35.3%	8	47.1%	435	5	8	6	\N	11	64.7%	35	42.2%	4	36.4%	5	1	14	43	1	10	1	941
708	https://www.fotmob.com/players/1266877/martin-ortega	\N	\N	\N	\N	\N	\N	\N	\N	\N	\N	\N	1	0.24	0.58	\N	5	4	0	1.41	188	70.4%	18	30.5%	12	14	22.6%	12	57.1%	557	7	16	4	\N	9	52.9%	40	47.6%	7	46.7%	6	\N	6	45	1	6	1	1758
709	https://www.fotmob.com/players/251543/ramon-arias	\N	\N	\N	\N	\N	\N	\N	\N	\N	\N	\N	0	0.03	0.02	\N	1	1	0	0.11	64	82.1%	6	33.3%	\N	\N	\N	1	100.0%	105	1	0	1	\N	1	100.0%	7	43.8%	4	50.0%	5	\N	6	6	\N	1	0	943
710	https://www.fotmob.com/players/490660/nehuen-paz	\N	\N	\N	\N	\N	\N	\N	\N	\N	\N	\N	2	1.04	1.11	\N	16	4	0	0.18	551	76.4%	88	45.1%	2	\N	\N	1	50.0%	947	19	2	4	\N	10	66.7%	80	70.2%	60	70.6%	18	6	6	39	\N	2	3	944
711	https://www.fotmob.com/players/622269/joaquin-laso	\N	\N	\N	\N	\N	\N	\N	\N	\N	\N	\N	0	0.33	0.11	\N	7	2	1	0.89	486	78.8%	94	52.5%	5	2	33.3%	1	100.0%	817	14	2	8	\N	17	73.9%	72	72.0%	41	73.2%	12	1	6	50	1	5	1	945
712	https://www.fotmob.com/players/1041082/alan-barrionuevo	\N	\N	\N	\N	\N	\N	\N	\N	\N	\N	\N	0	\N	\N	\N	0	\N	0	0.01	30	76.9%	3	37.5%	1	\N	\N	\N	\N	52	\N	0	\N	\N	\N	\N	1	12.5%	1	14.3%	2	\N	\N	2	\N	1	0	946
713	https://www.fotmob.com/players/1394024/federico-tevez	\N	\N	\N	\N	\N	\N	\N	\N	\N	\N	\N	1	\N	\N	\N	1	1	0	\N	0	\N	\N	\N	\N	\N	\N	\N	\N	1	1	0	\N	\N	\N	\N	\N	\N	\N	\N	\N	\N	\N	\N	\N	\N	6	947
714	https://www.fotmob.com/players/994918/tomas-fernandez	\N	\N	\N	\N	\N	\N	\N	\N	\N	\N	\N	1	1.46	0.64	\N	13	5	2	0.78	63	60.6%	5	62.5%	10	4	26.7%	11	45.8%	234	29	12	7	\N	4	50.0%	32	39.5%	6	40.0%	2	3	8	28	4	9	0	948
715	https://www.fotmob.com/players/1712606/jeremias-ramponi	\N	\N	\N	\N	\N	\N	\N	\N	\N	\N	\N	\N	\N	\N	\N	\N	\N	\N	\N	\N	\N	\N	\N	\N	\N	\N	\N	\N	\N	\N	\N	\N	\N	\N	\N	\N	\N	\N	\N	\N	\N	\N	\N	\N	\N	\N	949
716	https://www.fotmob.com/players/867739/diego-sosa	\N	\N	\N	\N	\N	\N	\N	\N	\N	\N	\N	0	0.11	0.06	\N	2	1	0	0.18	104	80.0%	3	16.7%	3	4	30.8%	1	33.3%	219	3	0	\N	\N	6	75.0%	13	56.5%	4	66.7%	3	\N	1	13	1	5	0	950
717	https://www.fotmob.com/players/1098367/nahuel-banegas	\N	\N	\N	\N	\N	\N	\N	\N	\N	\N	\N	0	1.01	0.57	\N	17	6	1	1.30	290	70.7%	32	45.7%	13	16	23.5%	14	46.7%	849	30	12	14	\N	24	72.7%	82	55.4%	21	63.6%	15	5	19	50	1	8	5	1767
718	https://www.fotmob.com/players/1520633/valentin-moreno	\N	\N	\N	\N	\N	\N	\N	\N	\N	\N	\N	0	0.01	\N	\N	1	\N	0	0.16	41	74.5%	1	20.0%	1	2	28.6%	\N	\N	108	\N	1	1	\N	6	66.7%	11	57.9%	1	33.3%	5	\N	1	3	\N	4	1	952
719	https://www.fotmob.com/players/1644103/angelo-marchese	\N	\N	\N	\N	\N	\N	\N	\N	\N	\N	\N	0	0.04	\N	\N	2	\N	0	0.43	122	77.2%	4	30.8%	\N	3	21.4%	11	61.1%	303	1	5	2	\N	6	60.0%	24	51.1%	1	50.0%	2	2	2	12	\N	8	1	953
720	https://www.fotmob.com/players/968125/julian-alejo-lopez	\N	\N	\N	\N	\N	\N	\N	\N	\N	\N	\N	0	0.21	0.05	\N	9	1	0	0.37	180	75.6%	18	54.5%	5	1	14.3%	12	80.0%	326	2	4	5	\N	8	57.1%	41	50.0%	10	45.5%	1	3	14	28	3	8	4	954
721	https://www.fotmob.com/players/1249270/ignacio-neira	\N	\N	\N	\N	\N	\N	\N	\N	\N	\N	\N	\N	\N	\N	\N	\N	\N	\N	\N	\N	\N	\N	\N	\N	\N	\N	\N	\N	\N	\N	\N	\N	\N	\N	\N	\N	\N	\N	\N	\N	\N	\N	\N	\N	\N	\N	955
722	https://www.fotmob.com/players/1359227/gonzalo-agustin-pineiro	\N	\N	\N	\N	\N	\N	\N	\N	\N	\N	\N	\N	\N	\N	\N	\N	\N	\N	\N	\N	\N	\N	\N	\N	\N	\N	\N	\N	\N	\N	\N	\N	\N	\N	\N	\N	\N	\N	\N	\N	\N	\N	\N	\N	\N	\N	956
723	https://www.fotmob.com/players/725782/hector-fertoli	\N	\N	\N	\N	\N	\N	\N	\N	\N	\N	\N	1	1.99	1.32	\N	11	3	0	0.43	152	77.9%	14	53.8%	6	6	18.2%	9	45.0%	322	18	9	9	\N	3	100.0%	27	38.6%	6	37.5%	7	2	6	30	3	8	1	957
724	https://www.fotmob.com/players/1358378	\N	\N	\N	\N	\N	\N	\N	\N	\N	\N	\N	1	1.11	1.52	\N	10	3	0	0.27	486	77.5%	33	35.9%	3	1	100.0%	11	68.8%	893	3	14	11	\N	34	58.6%	108	54.5%	28	57.1%	33	2	36	102	1	16	8	958
725	https://www.fotmob.com/players/1630645/santiago-gonzalez	\N	\N	\N	\N	\N	\N	\N	\N	\N	\N	\N	0	0.47	0.39	\N	12	2	0	0.45	396	81.8%	25	61.0%	12	3	50.0%	17	50.0%	740	12	21	20	\N	19	50.0%	93	52.2%	18	42.9%	19	8	18	91	5	7	3	959
726	https://www.fotmob.com/players/1661675/tomas-chavez	\N	\N	\N	\N	\N	\N	\N	\N	\N	\N	\N	\N	\N	\N	\N	\N	\N	\N	\N	\N	\N	\N	\N	\N	\N	\N	\N	\N	\N	\N	\N	\N	\N	\N	\N	\N	\N	\N	\N	\N	\N	\N	\N	\N	\N	\N	960
727	https://www.fotmob.com/players/1413189/jabes-saralegui	\N	\N	\N	\N	\N	\N	\N	\N	\N	\N	\N	1	1.01	0.53	\N	21	3	3	1.05	207	73.7%	22	55.0%	13	4	33.3%	15	55.6%	453	26	6	20	\N	7	58.3%	52	61.2%	6	66.7%	10	10	5	57	2	8	0	961
728	https://www.fotmob.com/players/647929/ijiel-protti	\N	\N	\N	\N	\N	\N	\N	\N	\N	\N	\N	\N	\N	\N	\N	\N	\N	\N	\N	\N	\N	\N	\N	\N	\N	\N	\N	\N	\N	\N	\N	\N	\N	\N	\N	\N	\N	\N	\N	\N	\N	\N	\N	\N	\N	\N	1778
729	https://www.fotmob.com/players/1368373/bernardo-benitez	\N	\N	\N	\N	\N	\N	\N	\N	\N	\N	\N	0	0.63	0.80	\N	6	3	2	1.15	111	76.6%	4	44.4%	16	9	29.0%	14	50.0%	255	19	3	9	\N	2	66.7%	28	49.1%	2	22.2%	2	1	1	15	1	4	0	963
730	https://www.fotmob.com/players/1400295/elias-cabrera	\N	\N	\N	\N	\N	\N	\N	\N	\N	\N	\N	0	1.22	2.08	\N	22	9	3	1.61	267	76.3%	19	61.3%	30	19	40.4%	6	37.5%	571	15	14	17	\N	7	43.8%	57	46.7%	18	42.9%	9	3	12	52	7	8	2	964
731	https://www.fotmob.com/players/839634/blas-armoa	\N	\N	\N	\N	\N	\N	\N	\N	\N	\N	\N	0	0.68	0.08	\N	7	1	0	0.05	29	53.7%	1	50.0%	1	1	14.3%	4	57.1%	104	15	3	7	\N	\N	\N	16	36.4%	5	22.7%	\N	1	6	8	1	\N	0	965
732	https://www.fotmob.com/players/1095198/dario-sarmiento	\N	\N	\N	\N	\N	\N	\N	\N	\N	\N	\N	\N	\N	\N	\N	\N	\N	\N	\N	\N	\N	\N	\N	\N	\N	\N	\N	\N	\N	\N	\N	\N	\N	\N	\N	\N	\N	\N	\N	\N	\N	\N	\N	\N	\N	\N	966
733	https://www.fotmob.com/players/1200664/lucas-besozzi	\N	\N	\N	\N	\N	\N	\N	\N	\N	\N	\N	\N	\N	\N	\N	\N	\N	\N	\N	\N	\N	\N	\N	\N	\N	\N	\N	\N	\N	\N	\N	\N	\N	\N	\N	\N	\N	\N	\N	\N	\N	\N	\N	\N	\N	\N	967
734	https://www.fotmob.com/players/1270044/sebastian-medina	\N	\N	\N	\N	\N	\N	\N	\N	\N	\N	\N	1	0.44	0.16	\N	9	2	1	0.75	131	72.4%	10	62.5%	11	7	25.0%	3	21.4%	336	9	6	11	\N	14	60.9%	45	47.4%	8	50.0%	6	2	18	34	6	10	3	968
735	https://www.fotmob.com/players/1402346/maximiliano-zalazar	\N	\N	\N	\N	\N	\N	\N	\N	\N	\N	\N	0	0.34	0.04	\N	6	1	0	0.08	18	69.2%	1	20.0%	\N	1	25.0%	5	71.4%	59	5	0	\N	\N	1	33.3%	8	47.1%	\N	\N	1	1	4	6	\N	2	0	969
736	https://www.fotmob.com/players/588773/alfio-oviedo	\N	\N	\N	\N	\N	\N	\N	\N	\N	\N	\N	2	1.09	1.41	\N	9	5	0	0.03	35	68.6%	\N	\N	3	\N	\N	5	71.4%	104	11	3	4	\N	2	50.0%	27	55.1%	14	50.0%	\N	1	3	3	1	\N	1	1786
737	https://www.fotmob.com/players/837890/eric-ramirez	\N	\N	\N	\N	\N	\N	\N	\N	\N	\N	\N	0	0.31	0.46	\N	4	1	0	0.38	29	72.5%	\N	\N	3	\N	\N	1	33.3%	75	7	3	3	\N	1	50.0%	15	37.5%	9	50.0%	1	1	10	4	\N	2	0	971
738	https://www.fotmob.com/players/1200023/ignacio-russo	\N	\N	\N	\N	\N	\N	\N	\N	\N	\N	\N	5	7.81	6.47	\N	37	17	2	1.24	170	63.4%	3	37.5%	15	1	6.2%	10	45.5%	521	80	22	26	1	4	40.0%	79	38.2%	33	32.0%	2	6	21	34	9	5	3	972
739	https://www.fotmob.com/players/801481/david-romero	\N	\N	\N	\N	\N	\N	\N	\N	\N	\N	\N	\N	\N	\N	\N	\N	\N	\N	\N	\N	\N	\N	\N	\N	\N	\N	\N	\N	\N	\N	\N	\N	\N	\N	\N	\N	\N	\N	\N	\N	\N	\N	\N	\N	\N	\N	973
\.
